source,target,distance
P0001,P0002,4.000
P0002,P0003,5.000
P0003,P0004,6.000
P0004,P0005,7.000
P0005,P0006,8.000
P0006,P0007,9.000
P0007,P0008,10.000
P0008,P0009,11.000
P0009,P0010,4.000
P0010,P0011,5.000
P0011,P0012,6.000
P0012,P0013,7.000
P0013,P0014,8.000
P0014,P0015,9.000
P0015,P0016,10.000
P0016,P0017,11.000
P0017,P0018,4.000
P0018,P0019,5.000
P0019,P0020,6.000
P0020,P0021,7.000
P0021,P0022,8.000
P0022,P0023,9.000
P0023,P0024,10.000
P0024,P0025,11.000
P0025,P0026,4.000
P0026,P0027,5.000
P0027,P0028,6.000
P0028,P0029,7.000
P0029,P0030,8.000
P0030,P0031,9.000
P0031,P0032,10.000
P0032,P0033,11.000
P0033,P0034,4.000
P0034,P0035,5.000
P0035,P0036,6.000
P0036,P0037,7.000
P0037,P0038,8.000
P0038,P0039,9.000
P0039,P0040,10.000
P0040,P0041,11.000
P0041,P0042,4.000
P0042,P0043,5.000
P0043,P0044,6.000
P0044,P0045,7.000
P0045,P0046,8.000
P0046,P0047,9.000
P0047,P0048,10.000
P0048,P0049,11.000
P0049,P0050,4.000
P0050,P0051,5.000
P0051,P0052,6.000
P0052,P0053,7.000
P0053,P0054,8.000
P0054,P0055,9.000
P0055,P0056,10.000
P0056,P0057,11.000
P0057,P0058,4.000
P0058,P0059,5.000
P0059,P0060,6.000
P0060,P0061,7.000
P0061,P0062,8.000
P0062,P0063,9.000
P0063,P0064,10.000
P0064,P0065,11.000
P0065,P0066,4.000
P0066,P0067,5.000
P0067,P0068,6.000
P0068,P0069,7.000
P0069,P0070,8.000
P0070,P0071,9.000
P0071,P0072,10.000
P0072,P0073,11.000
P0073,P0074,4.000
P0074,P0075,5.000
P0075,P0076,6.000
P0076,P0077,7.000
P0077,P0078,8.000
P0078,P0079,9.000
P0079,P0080,10.000
P0080,P0081,11.000
P0081,P0082,4.000
P0082,P0083,5.000
P0083,P0084,6.000
P0084,P0085,7.000
P0085,P0086,8.000
P0086,P0087,9.000
P0087,P0088,10.000
P0088,P0089,11.000
P0089,P0090,4.000
P0090,P0091,5.000
P0091,P0092,6.000
P0092,P0093,7.000
P0093,P0094,8.000
P0094,P0095,9.000
P0095,P0096,10.000
P0096,P0097,11.000
P0097,P0098,4.000
P0098,P0099,5.000
P0099,P0100,6.000
P0100,P0101,7.000
P0101,P0102,8.000
P0102,P0103,9.000
P0103,P0104,10.000
P0104,P0105,11.000
P0105,P0106,4.000
P0106,P0107,5.000
P0107,P0108,6.000
P0108,P0109,7.000
P0109,P0110,8.000
P0110,P0111,9.000
P0111,P0112,10.000
P0112,P0113,11.000
P0113,P0114,4.000
P0114,P0115,5.000
P0115,P0116,6.000
P0116,P0117,7.000
P0117,P0118,8.000
P0118,P0119,9.000
P0119,P0120,10.000
P0120,P0121,11.000
P0121,P0122,4.000
P0122,P0123,5.000
P0123,P0124,6.000
P0124,P0125,7.000
P0125,P0126,8.000
P0126,P0127,9.000
P0127,P0128,10.000
P0128,P0129,11.000
P0129,P0130,4.000
P0130,P0131,5.000
P0131,P0132,6.000
P0132,P0133,7.000
P0133,P0134,8.000
P0134,P0135,9.000
P0135,P0136,10.000
P0136,P0137,11.000
P0137,P0138,4.000
P0138,P0139,5.000
P0139,P0140,6.000
P0140,P0141,7.000
P0141,P0142,8.000
P0142,P0143,9.000
P0143,P0144,10.000
P0144,P0145,11.000
P0145,P0146,4.000
P0146,P0147,5.000
P0147,P0148,6.000
P0148,P0149,7.000
P0149,P0150,8.000
P0150,P0151,9.000
P0151,P0152,10.000
P0152,P0153,11.000
P0153,P0154,4.000
P0154,P0155,5.000
P0155,P0156,6.000
P0156,P0157,7.000
P0157,P0158,8.000
P0158,P0159,9.000
P0159,P0160,10.000
P0160,P0161,11.000
P0161,P0162,4.000
P0162,P0163,5.000
P0163,P0164,6.000
P0164,P0165,7.000
P0165,P0166,8.000
P0166,P0167,9.000
P0167,P0168,10.000
P0168,P0169,11.000
P0169,P0170,4.000
P0170,P0171,5.000
P0171,P0172,6.000
P0172,P0173,7.000
P0173,P0174,8.000
P0174,P0175,9.000
P0175,P0176,10.000
P0176,P0177,11.000
P0177,P0178,4.000
P0178,P0179,5.000
P0179,P0180,6.000
P0180,P0181,7.000
P0181,P0182,8.000
P0182,P0183,9.000
P0183,P0184,10.000
P0184,P0185,11.000
P0185,P0186,4.000
P0186,P0187,5.000
P0187,P0188,6.000
P0188,P0189,7.000
P0189,P0190,8.000
P0190,P0191,9.000
P0191,P0192,10.000
P0192,P0193,11.000
P0193,P0194,4.000
P0194,P0195,5.000
P0195,P0196,6.000
P0196,P0197,7.000
P0197,P0198,8.000
P0198,P0199,9.000
P0199,P0200,10.000
P0200,P0201,11.000
P0201,P0202,4.000
P0202,P0203,5.000
P0203,P0204,6.000
P0204,P0205,7.000
P0205,P0206,8.000
P0206,P0207,9.000
P0207,P0208,10.000
P0208,P0209,11.000
P0209,P0210,4.000
P0210,P0211,5.000
P0211,P0212,6.000
P0212,P0213,7.000
P0213,P0214,8.000
P0214,P0215,9.000
P0215,P0216,10.000
P0216,P0217,11.000
P0217,P0218,4.000
P0218,P0219,5.000
P0219,P0220,6.000
P0220,P0221,7.000
P0221,P0222,8.000
P0222,P0223,9.000
P0223,P0224,10.000
P0224,P0225,11.000
P0225,P0226,4.000
P0226,P0227,5.000
P0227,P0228,6.000
P0228,P0229,7.000
P0229,P0230,8.000
P0230,P0231,9.000
P0231,P0232,10.000
P0232,P0233,11.000
P0233,P0234,4.000
P0234,P0235,5.000
P0235,P0236,6.000
P0236,P0237,7.000
P0237,P0238,8.000
P0238,P0239,9.000
P0239,P0240,10.000
P0240,P0241,11.000
P0241,P0242,4.000
P0242,P0243,5.000
P0243,P0244,6.000
P0244,P0245,7.000
P0245,P0246,8.000
P0246,P0247,9.000
P0247,P0248,10.000
P0248,P0249,11.000
P0249,P0250,4.000
P0250,P0251,5.000
P0251,P0252,6.000
P0252,P0253,7.000
P0253,P0254,8.000
P0254,P0255,9.000
P0255,P0256,10.000
P0256,P0257,11.000
P0257,P0258,4.000
P0258,P0259,5.000
P0259,P0260,6.000
P0260,P0261,7.000
P0261,P0262,8.000
P0262,P0263,9.000
P0263,P0264,10.000
P0264,P0265,11.000
P0265,P0266,4.000
P0266,P0267,5.000
P0267,P0268,6.000
P0268,P0269,7.000
P0269,P0270,8.000
P0270,P0271,9.000
P0271,P0272,10.000
P0272,P0273,11.000
P0273,P0274,4.000
P0274,P0275,5.000
P0275,P0276,6.000
P0276,P0277,7.000
P0277,P0278,8.000
P0278,P0279,9.000
P0279,P0280,10.000
P0280,P0281,11.000
P0281,P0282,4.000
P0282,P0283,5.000
P0283,P0284,6.000
P0284,P0285,7.000
P0285,P0286,8.000
P0286,P0287,9.000
P0287,P0288,10.000
P0288,P0289,11.000
P0289,P0290,4.000
P0290,P0291,5.000
P0291,P0292,6.000
P0292,P0293,7.000
P0293,P0294,8.000
P0294,P0295,9.000
P0295,P0296,10.000
P0296,P0297,11.000
P0297,P0298,4.000
P0298,P0299,5.000
P0299,P0300,6.000
P0300,P0301,7.000
P0301,P0302,8.000
P0302,P0303,9.000
P0303,P0304,10.000
P0304,P0305,11.000
P0305,P0306,4.000
P0306,P0307,5.000
P0307,P0308,6.000
P0308,P0309,7.000
P0309,P0310,8.000
P0310,P0311,9.000
P0311,P0312,10.000
P0312,P0313,11.000
P0313,P0314,4.000
P0314,P0315,5.000
P0315,P0316,6.000
P0316,P0317,7.000
P0317,P0318,8.000
P0318,P0319,9.000
P0319,P0320,10.000
P0320,P0321,11.000
P0321,P0322,4.000
P0322,P0323,5.000
P0323,P0324,6.000
P0324,P0325,7.000
P0325,P0326,8.000
P0326,P0327,9.000
P0327,P0328,10.000
P0328,P0329,11.000
P0329,P0330,4.000
P0330,P0331,5.000
P0331,P0332,6.000
P0332,P0333,7.000
P0333,P0334,8.000
P0334,P0335,9.000
P0335,P0336,10.000
P0336,P0337,11.000
P0337,P0338,4.000
P0338,P0339,5.000
P0339,P0340,6.000
P0340,P0341,7.000
P0341,P0342,8.000
P0342,P0343,9.000
P0343,P0344,10.000
P0344,P0345,11.000
P0345,P0346,4.000
P0346,P0347,5.000
P0347,P0348,6.000
P0348,P0349,7.000
P0349,P0350,8.000
P0350,P0351,9.000
P0351,P0352,10.000
P0352,P0353,11.000
P0353,P0354,4.000
P0354,P0355,5.000
P0355,P0356,6.000
P0356,P0357,7.000
P0357,P0358,8.000
P0358,P0359,9.000
P0359,P0360,10.000
P0360,P0361,11.000
P0361,P0362,4.000
P0362,P0363,5.000
P0363,P0364,6.000
P0364,P0365,7.000
P0365,P0366,8.000
P0366,P0367,9.000
P0367,P0368,10.000
P0368,P0369,11.000
P0369,P0370,4.000
P0370,P0371,5.000
P0371,P0372,6.000
P0372,P0373,7.000
P0373,P0374,8.000
P0374,P0375,9.000
P0375,P0376,10.000
P0376,P0377,11.000
P0377,P0378,4.000
P0378,P0379,5.000
P0379,P0380,6.000
P0380,P0381,7.000
P0381,P0382,8.000
P0382,P0383,9.000
P0383,P0384,10.000
P0384,P0385,11.000
P0385,P0386,4.000
P0386,P0387,5.000
P0387,P0388,6.000
P0388,P0389,7.000
P0389,P0390,8.000
P0390,P0391,9.000
P0391,P0392,10.000
P0392,P0393,11.000
P0393,P0394,4.000
P0394,P0395,5.000
P0395,P0396,6.000
P0396,P0397,7.000
P0397,P0398,8.000
P0398,P0399,9.000
P0399,P0400,10.000
P0400,P0401,11.000
P0401,P0402,4.000
P0402,P0403,5.000
P0403,P0404,6.000
P0404,P0405,7.000
P0405,P0406,8.000
P0406,P0407,9.000
P0407,P0408,10.000
P0408,P0409,11.000
P0409,P0410,4.000
P0410,P0411,5.000
P0411,P0412,6.000
P0412,P0413,7.000
P0413,P0414,8.000
P0414,P0415,9.000
P0415,P0416,10.000
P0416,P0417,11.000
P0417,P0418,4.000
P0418,P0419,5.000
P0419,P0420,6.000
P0420,P0421,7.000
P0421,P0422,8.000
P0422,P0423,9.000
P0423,P0424,10.000
P0424,P0425,11.000
P0425,P0426,4.000
P0426,P0427,5.000
P0427,P0428,6.000
P0428,P0429,7.000
P0429,P0430,8.000
P0430,P0431,9.000
P0431,P0432,10.000
P0432,P0433,11.000
P0433,P0434,4.000
P0434,P0435,5.000
P0435,P0436,6.000
P0436,P0437,7.000
P0437,P0438,8.000
P0438,P0439,9.000
P0439,P0440,10.000
P0440,P0441,11.000
P0441,P0442,4.000
P0442,P0443,5.000
P0443,P0444,6.000
P0444,P0445,7.000
P0445,P0446,8.000
P0446,P0447,9.000
P0447,P0448,10.000
P0448,P0449,11.000
P0449,P0450,4.000
P0450,P0451,5.000
P0451,P0452,6.000
P0452,P0453,7.000
P0453,P0454,8.000
P0454,P0455,9.000
P0455,P0456,10.000
P0456,P0457,11.000
P0457,P0458,4.000
P0458,P0459,5.000
P0459,P0460,6.000
P0460,P0461,7.000
P0461,P0462,8.000
P0462,P0463,9.000
P0463,P0464,10.000
P0464,P0465,11.000
P0465,P0466,4.000
P0466,P0467,5.000
P0467,P0468,6.000
P0468,P0469,7.000
P0469,P0470,8.000
P0470,P0471,9.000
P0471,P0472,10.000
P0472,P0473,11.000
P0473,P0474,4.000
P0474,P0475,5.000
P0475,P0476,6.000
P0476,P0477,7.000
P0477,P0478,8.000
P0478,P0479,9.000
P0479,P0480,10.000
P0480,P0481,11.000
P0481,P0482,4.000
P0482,P0483,5.000
P0483,P0484,6.000
P0484,P0485,7.000
P0485,P0486,8.000
P0486,P0487,9.000
P0487,P0488,10.000
P0488,P0489,11.000
P0489,P0490,4.000
P0490,P0491,5.000
P0491,P0492,6.000
P0492,P0493,7.000
P0493,P0494,8.000
P0494,P0495,9.000
P0495,P0496,10.000
P0496,P0497,11.000
P0497,P0498,4.000
P0498,P0499,5.000
P0499,P0500,6.000
P0500,P0501,7.000
P0501,P0502,8.000
P0502,P0503,9.000
P0503,P0504,10.000
P0504,P0505,11.000
P0505,P0506,4.000
P0506,P0507,5.000
P0507,P0508,6.000
P0508,P0509,7.000
P0509,P0510,8.000
P0510,P0511,9.000
P0511,P0512,10.000
P0512,P0513,11.000
P0513,P0514,4.000
P0514,P0515,5.000
P0515,P0516,6.000
P0516,P0517,7.000
P0517,P0518,8.000
P0518,P0519,9.000
P0519,P0520,10.000
P0520,P0521,11.000
P0521,P0522,4.000
P0522,P0523,5.000
P0523,P0524,6.000
P0524,P0525,7.000
P0525,P0526,8.000
P0526,P0527,9.000
P0527,P0528,10.000
P0528,P0529,11.000
P0529,P0530,4.000
P0530,P0531,5.000
P0531,P0532,6.000
P0532,P0533,7.000
P0533,P0534,8.000
P0534,P0535,9.000
P0535,P0536,10.000
P0536,P0537,11.000
P0537,P0538,4.000
P0538,P0539,5.000
P0539,P0540,6.000
P0540,P0541,7.000
P0541,P0542,8.000
P0542,P0543,9.000
P0543,P0544,10.000
P0544,P0545,11.000
P0545,P0546,4.000
P0546,P0547,5.000
P0547,P0548,6.000
P0548,P0549,7.000
P0549,P0550,8.000
P0550,P0551,9.000
P0551,P0552,10.000
P0552,P0553,11.000
P0553,P0554,4.000
P0554,P0555,5.000
P0555,P0556,6.000
P0556,P0557,7.000
P0557,P0558,8.000
P0558,P0559,9.000
P0559,P0560,10.000
P0560,P0561,11.000
P0561,P0562,4.000
P0562,P0563,5.000
P0563,P0564,6.000
P0564,P0565,7.000
P0565,P0566,8.000
P0566,P0567,9.000
P0567,P0568,10.000
P0568,P0569,11.000
P0569,P0570,4.000
P0570,P0571,5.000
P0571,P0572,6.000
P0572,P0573,7.000
P0573,P0574,8.000
P0574,P0575,9.000
P0575,P0576,10.000
P0576,P0577,11.000
P0577,P0578,4.000
P0578,P0579,5.000
P0579,P0580,6.000
P0580,P0581,7.000
P0581,P0582,8.000
P0582,P0583,9.000
P0583,P0584,10.000
P0584,P0585,11.000
P0585,P0586,4.000
P0586,P0587,5.000
P0587,P0588,6.000
P0588,P0589,7.000
P0589,P0590,8.000
P0590,P0591,9.000
P0591,P0592,10.000
P0592,P0593,11.000
P0593,P0594,4.000
P0594,P0595,5.000
P0595,P0596,6.000
P0596,P0597,7.000
P0597,P0598,8.000
P0598,P0599,9.000
P0599,P0600,10.000
P0600,P0601,11.000
P0601,P0602,4.000
P0602,P0603,5.000
P0603,P0604,6.000
P0604,P0605,7.000
P0605,P0606,8.000
P0606,P0607,9.000
P0607,P0608,10.000
P0608,P0609,11.000
P0609,P0610,4.000
P0610,P0611,5.000
P0611,P0612,6.000
P0612,P0613,7.000
P0613,P0614,8.000
P0614,P0615,9.000
P0615,P0616,10.000
P0616,P0617,11.000
P0617,P0618,4.000
P0618,P0619,5.000
P0619,P0620,6.000
P0620,P0621,7.000
P0621,P0622,8.000
P0622,P0623,9.000
P0623,P0624,10.000
P0624,P0625,11.000
P0625,P0626,4.000
P0626,P0627,5.000
P0627,P0628,6.000
P0628,P0629,7.000
P0629,P0630,8.000
P0630,P0631,9.000
P0631,P0632,10.000
P0632,P0633,11.000
P0633,P0634,4.000
P0634,P0635,5.000
P0635,P0636,6.000
P0636,P0637,7.000
P0637,P0638,8.000
P0638,P0639,9.000
P0639,P0640,10.000
P0640,P0641,11.000
P0641,P0642,4.000
P0642,P0643,5.000
P0643,P0644,6.000
P0644,P0645,7.000
P0645,P0646,8.000
P0646,P0647,9.000
P0647,P0648,10.000
P0648,P0649,11.000
P0649,P0650,4.000
P0650,P0651,5.000
P0651,P0652,6.000
P0652,P0653,7.000
P0653,P0654,8.000
P0654,P0655,9.000
P0655,P0656,10.000
P0656,P0657,11.000
P0657,P0658,4.000
P0658,P0659,5.000
P0659,P0660,6.000
P0660,P0661,7.000
P0661,P0662,8.000
P0662,P0663,9.000
P0663,P0664,10.000
P0664,P0665,11.000
P0665,P0666,4.000
P0666,P0667,5.000
P0667,P0668,6.000
P0668,P0669,7.000
P0669,P0670,8.000
P0670,P0671,9.000
P0671,P0672,10.000
P0672,P0673,11.000
P0673,P0674,4.000
P0674,P0675,5.000
P0675,P0676,6.000
P0676,P0677,7.000
P0677,P0678,8.000
P0678,P0679,9.000
P0679,P0680,10.000
P0680,P0681,11.000
P0681,P0682,4.000
P0682,P0683,5.000
P0683,P0684,6.000
P0684,P0685,7.000
P0685,P0686,8.000
P0686,P0687,9.000
P0687,P0688,10.000
P0688,P0689,11.000
P0689,P0690,4.000
P0690,P0691,5.000
P0691,P0692,6.000
P0692,P0693,7.000
P0693,P0694,8.000
P0694,P0695,9.000
P0695,P0696,10.000
P0696,P0697,11.000
P0697,P0698,4.000
P0698,P0699,5.000
P0699,P0700,6.000
P0700,P0701,7.000
P0701,P0702,8.000
P0702,P0703,9.000
P0703,P0704,10.000
P0704,P0705,11.000
P0705,P0706,4.000
P0706,P0707,5.000
P0707,P0708,6.000
P0708,P0709,7.000
P0709,P0710,8.000
P0710,P0711,9.000
P0711,P0712,10.000
P0712,P0713,11.000
P0713,P0714,4.000
P0714,P0715,5.000
P0715,P0716,6.000
P0716,P0717,7.000
P0717,P0718,8.000
P0718,P0719,9.000
P0719,P0720,10.000
P0720,P0721,11.000
P0721,P0722,4.000
P0722,P0723,5.000
P0723,P0724,6.000
P0724,P0725,7.000
P0725,P0726,8.000
P0726,P0727,9.000
P0727,P0728,10.000
P0728,P0729,11.000
P0729,P0730,4.000
P0730,P0731,5.000
P0731,P0732,6.000
P0732,P0733,7.000
P0733,P0734,8.000
P0734,P0735,9.000
P0735,P0736,10.000
P0736,P0737,11.000
P0737,P0738,4.000
P0738,P0739,5.000
P0739,P0740,6.000
P0740,P0741,7.000
P0741,P0742,8.000
P0742,P0743,9.000
P0743,P0744,10.000
P0744,P0745,11.000
P0745,P0746,4.000
P0746,P0747,5.000
P0747,P0748,6.000
P0748,P0749,7.000
P0749,P0750,8.000
P0750,P0751,9.000
P0751,P0752,10.000
P0752,P0753,11.000
P0753,P0754,4.000
P0754,P0755,5.000
P0755,P0756,6.000
P0756,P0757,7.000
P0757,P0758,8.000
P0758,P0759,9.000
P0759,P0760,10.000
P0760,P0761,11.000
P0761,P0762,4.000
P0762,P0763,5.000
P0763,P0764,6.000
P0764,P0765,7.000
P0765,P0766,8.000
P0766,P0767,9.000
P0767,P0768,10.000
P0768,P0769,11.000
P0769,P0770,4.000
P0770,P0771,5.000
P0771,P0772,6.000
P0772,P0773,7.000
P0773,P0774,8.000
P0774,P0775,9.000
P0775,P0776,10.000
P0776,P0777,11.000
P0777,P0778,4.000
P0778,P0779,5.000
P0779,P0780,6.000
P0780,P0781,7.000
P0781,P0782,8.000
P0782,P0783,9.000
P0783,P0784,10.000
P0784,P0785,11.000
P0785,P0786,4.000
P0786,P0787,5.000
P0787,P0788,6.000
P0788,P0789,7.000
P0789,P0790,8.000
P0790,P0791,9.000
P0791,P0792,10.000
P0792,P0793,11.000
P0793,P0794,4.000
P0794,P0795,5.000
P0795,P0796,6.000
P0796,P0797,7.000
P0797,P0798,8.000
P0798,P0799,9.000
P0799,P0800,10.000
P0800,P0801,11.000
P0801,P0802,4.000
P0802,P0803,5.000
P0803,P0804,6.000
P0804,P0805,7.000
P0805,P0806,8.000
P0806,P0807,9.000
P0807,P0808,10.000
P0808,P0809,11.000
P0809,P0810,4.000
P0810,P0811,5.000
P0811,P0812,6.000
P0812,P0813,7.000
P0813,P0814,8.000
P0814,P0815,9.000
P0815,P0816,10.000
P0816,P0817,11.000
P0817,P0818,4.000
P0818,P0819,5.000
P0819,P0820,6.000
P0820,P0821,7.000
P0821,P0822,8.000
P0822,P0823,9.000
P0823,P0824,10.000
P0824,P0825,11.000
P0825,P0826,4.000
P0826,P0827,5.000
P0827,P0828,6.000
P0828,P0829,7.000
P0829,P0830,8.000
P0830,P0831,9.000
P0831,P0832,10.000
P0832,P0833,11.000
P0833,P0834,4.000
P0834,P0835,5.000
P0835,P0836,6.000
P0836,P0837,7.000
P0837,P0838,8.000
P0838,P0839,9.000
P0839,P0840,10.000
P0840,P0841,11.000
P0841,P0842,4.000
P0842,P0843,5.000
P0843,P0844,6.000
P0844,P0845,7.000
P0845,P0846,8.000
P0846,P0847,9.000
P0847,P0848,10.000
P0848,P0849,11.000
P0849,P0850,4.000
P0850,P0851,5.000
P0851,P0852,6.000
P0852,P0853,7.000
P0853,P0854,8.000
P0854,P0855,9.000
P0855,P0856,10.000
P0856,P0857,11.000
P0857,P0858,4.000
P0858,P0859,5.000
P0859,P0860,6.000
P0860,P0861,7.000
P0861,P0862,8.000
P0862,P0863,9.000
P0863,P0864,10.000
P0864,P0865,11.000
P0865,P0866,4.000
P0866,P0867,5.000
P0867,P0868,6.000
P0868,P0869,7.000
P0869,P0870,8.000
P0870,P0871,9.000
P0871,P0872,10.000
P0872,P0873,11.000
P0873,P0874,4.000
P0874,P0875,5.000
P0875,P0876,6.000
P0876,P0877,7.000
P0877,P0878,8.000
P0878,P0879,9.000
P0879,P0880,10.000
P0880,P0881,11.000
P0881,P0882,4.000
P0882,P0883,5.000
P0883,P0884,6.000
P0884,P0885,7.000
P0885,P0886,8.000
P0886,P0887,9.000
P0887,P0888,10.000
P0888,P0889,11.000
P0889,P0890,4.000
P0890,P0891,5.000
P0891,P0892,6.000
P0892,P0893,7.000
P0893,P0894,8.000
P0894,P0895,9.000
P0895,P0896,10.000
P0896,P0897,11.000
P0897,P0898,4.000
P0898,P0899,5.000
P0899,P0900,6.000
P0900,P0901,7.000
P0901,P0902,8.000
P0902,P0903,9.000
P0903,P0904,10.000
P0904,P0905,11.000
P0905,P0906,4.000
P0906,P0907,5.000
P0907,P0908,6.000
P0908,P0909,7.000
P0909,P0910,8.000
P0910,P0911,9.000
P0911,P0912,10.000
P0912,P0913,11.000
P0913,P0914,4.000
P0914,P0915,5.000
P0915,P0916,6.000
P0916,P0917,7.000
P0917,P0918,8.000
P0918,P0919,9.000
P0919,P0920,10.000
P0920,P0921,11.000
P0921,P0922,4.000
P0922,P0923,5.000
P0923,P0924,6.000
P0924,P0925,7.000
P0925,P0926,8.000
P0926,P0927,9.000
P0927,P0928,10.000
P0928,P0929,11.000
P0929,P0930,4.000
P0930,P0931,5.000
P0931,P0932,6.000
P0932,P0933,7.000
P0933,P0934,8.000
P0934,P0935,9.000
P0935,P0936,10.000
P0936,P0937,11.000
P0937,P0938,4.000
P0938,P0939,5.000
P0939,P0940,6.000
P0940,P0941,7.000
P0941,P0942,8.000
P0942,P0943,9.000
P0943,P0944,10.000
P0944,P0945,11.000
P0945,P0946,4.000
P0946,P0947,5.000
P0947,P0948,6.000
P0948,P0949,7.000
P0949,P0950,8.000
P0950,P0951,9.000
P0951,P0952,10.000
P0952,P0953,11.000
P0953,P0954,4.000
P0954,P0955,5.000
P0955,P0956,6.000
P0956,P0957,7.000
P0957,P0958,8.000
P0958,P0959,9.000
P0959,P0960,10.000
P0960,P0961,11.000
P0961,P0962,4.000
P0962,P0963,5.000
P0963,P0964,6.000
P0964,P0965,7.000
P0965,P0966,8.000
P0966,P0967,9.000
P0967,P0968,10.000
P0968,P0969,11.000
P0969,P0970,4.000
P0970,P0971,5.000
P0971,P0972,6.000
P0972,P0973,7.000
P0973,P0974,8.000
P0974,P0975,9.000
P0975,P0976,10.000
P0976,P0977,11.000
P0977,P0978,4.000
P0978,P0979,5.000
P0979,P0980,6.000
P0980,P0981,7.000
P0981,P0982,8.000
P0982,P0983,9.000
P0983,P0984,10.000
P0984,P0985,11.000
P0985,P0986,4.000
P0986,P0987,5.000
P0987,P0988,6.000
P0988,P0989,7.000
P0989,P0990,8.000
P0990,P0991,9.000
P0991,P0992,10.000
P0992,P0993,11.000
P0993,P0994,4.000
P0994,P0995,5.000
P0995,P0996,6.000
P0996,P0997,7.000
P0997,P0998,8.000
P0998,P0999,9.000
P0999,P1000,10.000
P1000,P1001,11.000
P1001,P1002,4.000
P1002,P1003,5.000
P1003,P1004,6.000
P1004,P1005,7.000
P1005,P1006,8.000
P1006,P1007,9.000
P1007,P1008,10.000
P1008,P1009,11.000
P1009,P1010,4.000
P1010,P1011,5.000
P1011,P1012,6.000
P1012,P1013,7.000
P1013,P1014,8.000
P1014,P1015,9.000
P1015,P1016,10.000
P1016,P1017,11.000
P1017,P1018,4.000
P1018,P1019,5.000
P1019,P1020,6.000
P1020,P1021,7.000
P1021,P1022,8.000
P1022,P1023,9.000
P1023,P1024,10.000
P1024,P1025,11.000
P1025,P1026,4.000
P1026,P1027,5.000
P1027,P1028,6.000
P1028,P1029,7.000
P1029,P1030,8.000
P1030,P1031,9.000
P1031,P1032,10.000
P1032,P1033,11.000
P1033,P1034,4.000
P1034,P1035,5.000
P1035,P1036,6.000
P1036,P1037,7.000
P1037,P1038,8.000
P1038,P1039,9.000
P1039,P1040,10.000
P1040,P1041,11.000
P1041,P1042,4.000
P1042,P1043,5.000
P1043,P1044,6.000
P1044,P1045,7.000
P1045,P1046,8.000
P1046,P1047,9.000
P1047,P1048,10.000
P1048,P1049,11.000
P1049,P1050,4.000
P1050,P1051,5.000
P1051,P1052,6.000
P1052,P1053,7.000
P1053,P1054,8.000
P1054,P1055,9.000
P1055,P1056,10.000
P1056,P1057,11.000
P1057,P1058,4.000
P1058,P1059,5.000
P1059,P1060,6.000
P1060,P1061,7.000
P1061,P1062,8.000
P1062,P1063,9.000
P1063,P1064,10.000
P1064,P1065,11.000
P1065,P1066,4.000
P1066,P1067,5.000
P1067,P1068,6.000
P1068,P1069,7.000
P1069,P1070,8.000
P1070,P1071,9.000
P1071,P1072,10.000
P1072,P1073,11.000
P1073,P1074,4.000
P1074,P1075,5.000
P1075,P1076,6.000
P1076,P1077,7.000
P1077,P1078,8.000
P1078,P1079,9.000
P1079,P1080,10.000
P1080,P1081,11.000
P1081,P1082,4.000
P1082,P1083,5.000
P1083,P1084,6.000
P1084,P1085,7.000
P1085,P1086,8.000
P1086,P1087,9.000
P1087,P1088,10.000
P1088,P1089,11.000
P1089,P1090,4.000
P1090,P1091,5.000
P1091,P1092,6.000
P1092,P1093,7.000
P1093,P1094,8.000
P1094,P1095,9.000
P1095,P1096,10.000
P1096,P1097,11.000
P1097,P1098,4.000
P1098,P1099,5.000
P1099,P1100,6.000
P1100,P1101,7.000
P1101,P1102,8.000
P1102,P1103,9.000
P1103,P1104,10.000
P1104,P1105,11.000
P1105,P1106,4.000
P1106,P1107,5.000
P1107,P1108,6.000
P1108,P1109,7.000
P1109,P1110,8.000
P1110,P1111,9.000
P1111,P1112,10.000
P1112,P1113,11.000
P1113,P1114,4.000
P1114,P1115,5.000
P1115,P1116,6.000
P1116,P1117,7.000
P1117,P1118,8.000
P1118,P1119,9.000
P1119,P1120,10.000
P1120,P1121,11.000
P1121,P1122,4.000
P1122,P1123,5.000
P1123,P1124,6.000
P1124,P1125,7.000
P1125,P1126,8.000
P1126,P1127,9.000
P1127,P1128,10.000
P1128,P1129,11.000
P1129,P1130,4.000
P1130,P1131,5.000
P1131,P1132,6.000
P1132,P1133,7.000
P1133,P1134,8.000
P1134,P1135,9.000
P1135,P1136,10.000
P1136,P1137,11.000
P1137,P1138,4.000
P1138,P1139,5.000
P1139,P1140,6.000
P1140,P1141,7.000
P1141,P1142,8.000
P1142,P1143,9.000
P1143,P1144,10.000
P1144,P1145,11.000
P1145,P1146,4.000
P1146,P1147,5.000
P1147,P1148,6.000
P1148,P1149,7.000
P1149,P1150,8.000
P1150,P1151,9.000
P1151,P1152,10.000
P1152,P1153,11.000
P1153,P1154,4.000
P1154,P1155,5.000
P1155,P1156,6.000
P1156,P1157,7.000
P1157,P1158,8.000
P1158,P1159,9.000
P1159,P1160,10.000
P1160,P1161,11.000
P1161,P1162,4.000
P1162,P1163,5.000
P1163,P1164,6.000
P1164,P1165,7.000
P1165,P1166,8.000
P1166,P1167,9.000
P1167,P1168,10.000
P1168,P1169,11.000
P1169,P1170,4.000
P1170,P1171,5.000
P1171,P1172,6.000
P1172,P1173,7.000
P1173,P1174,8.000
P1174,P1175,9.000
P1175,P1176,10.000
P1176,P1177,11.000
P1177,P1178,4.000
P1178,P1179,5.000
P1179,P1180,6.000
P1180,P1181,7.000
P1181,P1182,8.000
P1182,P1183,9.000
P1183,P1184,10.000
P1184,P1185,11.000
P1185,P1186,4.000
P1186,P1187,5.000
P1187,P1188,6.000
P1188,P1189,7.000
P1189,P1190,8.000
P1190,P1191,9.000
P1191,P1192,10.000
P1192,P1193,11.000
P1193,P1194,4.000
P1194,P1195,5.000
P1195,P1196,6.000
P1196,P1197,7.000
P1197,P1198,8.000
P1198,P1199,9.000
P1199,P1200,10.000
P1200,P1201,11.000
P1201,P1202,4.000
P1202,P1203,5.000
P1203,P1204,6.000
P1204,P1205,7.000
P1205,P1206,8.000
P1206,P1207,9.000
P1207,P1208,10.000
P1208,P1209,11.000
P1209,P1210,4.000
P1210,P1211,5.000
P1211,P1212,6.000
P1212,P1213,7.000
P1213,P1214,8.000
P1214,P1215,9.000
P1215,P1216,10.000
P1216,P1217,11.000
P1217,P1218,4.000
P1218,P1219,5.000
P1219,P1220,6.000
P1220,P1221,7.000
P1221,P1222,8.000
P1222,P1223,9.000
P1223,P1224,10.000
P1224,P1225,11.000
P1225,P1226,4.000
P1226,P1227,5.000
P1227,P1228,6.000
P1228,P1229,7.000
P1229,P1230,8.000
P1230,P1231,9.000
P1231,P1232,10.000
P1232,P1233,11.000
P1233,P1234,4.000
P1234,P1235,5.000
P1235,P1236,6.000
P1236,P1237,7.000
P1237,P1238,8.000
P1238,P1239,9.000
P1239,P1240,10.000
P1240,P1241,11.000
P1241,P1242,4.000
P1242,P1243,5.000
P1243,P1244,6.000
P1244,P1245,7.000
P1245,P1246,8.000
P1246,P1247,9.000
P1247,P1248,10.000
P1248,P1249,11.000
P1249,P1250,4.000
P1250,P1251,5.000
P1251,P1252,6.000
P1252,P1253,7.000
P1253,P1254,8.000
P1254,P1255,9.000
P1255,P1256,10.000
P1256,P1257,11.000
P1257,P1258,4.000
P1258,P1259,5.000
P1259,P1260,6.000
P1260,P1261,7.000
P1261,P1262,8.000
P1262,P1263,9.000
P1263,P1264,10.000
P1264,P1265,11.000
P1265,P1266,4.000
P1266,P1267,5.000
P1267,P1268,6.000
P1268,P1269,7.000
P1269,P1270,8.000
P1270,P1271,9.000
P1271,P1272,10.000
P1272,P1273,11.000
P1273,P1274,4.000
P1274,P1275,5.000
P1275,P1276,6.000
P1276,P1277,7.000
P1277,P1278,8.000
P1278,P1279,9.000
P1279,P1280,10.000
P1280,P1281,11.000
P1281,P1282,4.000
P1282,P1283,5.000
P1283,P1284,6.000
P1284,P1285,7.000
P1285,P1286,8.000
P1286,P1287,9.000
P1287,P1288,10.000
P1288,P1289,11.000
P1289,P1290,4.000
P1290,P1291,5.000
P1291,P1292,6.000
P1292,P1293,7.000
P1293,P1294,8.000
P1294,P1295,9.000
P1295,P1296,10.000
P1296,P1297,11.000
P1297,P1298,4.000
P1298,P1299,5.000
P1299,P1300,6.000
P1300,P1301,7.000
P1301,P1302,8.000
P1302,P1303,9.000
P1303,P1304,10.000
P1304,P1305,11.000
P1305,P1306,4.000
P1306,P1307,5.000
P1307,P1308,6.000
P1308,P1309,7.000
P1309,P1310,8.000
P1310,P1311,9.000
P1311,P1312,10.000
P1312,P1313,11.000
P1313,P1314,4.000
P1314,P1315,5.000
P1315,P1316,6.000
P1316,P1317,7.000
P1317,P1318,8.000
P1318,P1319,9.000
P1319,P1320,10.000
P1320,P1321,11.000
P1321,P1322,4.000
P1322,P1323,5.000
P1323,P1324,6.000
P1324,P1325,7.000
P1325,P1326,8.000
P1326,P1327,9.000
P1327,P1328,10.000
P1328,P1329,11.000
P1329,P1330,4.000
P1330,P1331,5.000
P1331,P1332,6.000
P1332,P1333,7.000
P1333,P1334,8.000
P1334,P1335,9.000
P1335,P1336,10.000
P1336,P1337,11.000
P1337,P1338,4.000
P1338,P1339,5.000
P1339,P1340,6.000
P1340,P1341,7.000
P1341,P1342,8.000
P1342,P1343,9.000
P1343,P1344,10.000
P1344,P1345,11.000
P1345,P1346,4.000
P1346,P1347,5.000
P1347,P1348,6.000
P1348,P1349,7.000
P1349,P1350,8.000
P1350,P1351,9.000
P1351,P1352,10.000
P1352,P1353,11.000
P1353,P1354,4.000
P1354,P1355,5.000
P1355,P1356,6.000
P1356,P1357,7.000
P1357,P1358,8.000
P1358,P1359,9.000
P1359,P1360,10.000
P1360,P1361,11.000
P1361,P1362,4.000
P1362,P1363,5.000
P1363,P1364,6.000
P1364,P1365,7.000
P1365,P1366,8.000
P1366,P1367,9.000
P1367,P1368,10.000
P1368,P1369,11.000
P1369,P1370,4.000
P1370,P1371,5.000
P1371,P1372,6.000
P1372,P1373,7.000
P1373,P1374,8.000
P1374,P1375,9.000
P1375,P1376,10.000
P1376,P1377,11.000
P1377,P1378,4.000
P1378,P1379,5.000
P1379,P1380,6.000
P1380,P1381,7.000
P1381,P1382,8.000
P1382,P1383,9.000
P1383,P1384,10.000
P1384,P1385,11.000
P1385,P1386,4.000
P1386,P1387,5.000
P1387,P1388,6.000
P1388,P1389,7.000
P1389,P1390,8.000
P1390,P1391,9.000
P1391,P1392,10.000
P1392,P1393,11.000
P1393,P1394,4.000
P1394,P1395,5.000
P1395,P1396,6.000
P1396,P1397,7.000
P1397,P1398,8.000
P1398,P1399,9.000
P1399,P1400,10.000
P1400,P1401,11.000
P1401,P1402,4.000
P1402,P1403,5.000
P1403,P1404,6.000
P1404,P1405,7.000
P1405,P1406,8.000
P1406,P1407,9.000
P1407,P1408,10.000
P1408,P1409,11.000
P1409,P1410,4.000
P1410,P1411,5.000
P1411,P1412,6.000
P1412,P1413,7.000
P1413,P1414,8.000
P1414,P1415,9.000
P1415,P1416,10.000
P1416,P1417,11.000
P1417,P1418,4.000
P1418,P1419,5.000
P1419,P1420,6.000
P1420,P1421,7.000
P1421,P1422,8.000
P1422,P1423,9.000
P1423,P1424,10.000
P1424,P1425,11.000
P1425,P1426,4.000
P1426,P1427,5.000
P1427,P1428,6.000
P1428,P1429,7.000
P1429,P1430,8.000
P1430,P1431,9.000
P1431,P1432,10.000
P1432,P1433,11.000
P1433,P1434,4.000
P1434,P1435,5.000
P1435,P1436,6.000
P1436,P1437,7.000
P1437,P1438,8.000
P1438,P1439,9.000
P1439,P1440,10.000
P1440,P1441,11.000
P1441,P1442,4.000
P1442,P1443,5.000
P1443,P1444,6.000
P1444,P1445,7.000
P1445,P1446,8.000
P1446,P1447,9.000
P1447,P1448,10.000
P1448,P1449,11.000
P1449,P1450,4.000
P1450,P1451,5.000
P1451,P1452,6.000
P1452,P1453,7.000
P1453,P1454,8.000
P1454,P1455,9.000
P1455,P1456,10.000
P1456,P1457,11.000
P1457,P1458,4.000
P1458,P1459,5.000
P1459,P1460,6.000
P1460,P1461,7.000
P1461,P1462,8.000
P1462,P1463,9.000
P1463,P1464,10.000
P1464,P1465,11.000
P1465,P1466,4.000
P1466,P1467,5.000
P1467,P1468,6.000
P1468,P1469,7.000
P1469,P1470,8.000
P1470,P1471,9.000
P1471,P1472,10.000
P1472,P1473,11.000
P1473,P1474,4.000
P1474,P1475,5.000
P1475,P1476,6.000
P1476,P1477,7.000
P1477,P1478,8.000
P1478,P1479,9.000
P1479,P1480,10.000
P1480,P1481,11.000
P1481,P1482,4.000
P1482,P1483,5.000
P1483,P1484,6.000
P1484,P1485,7.000
P1485,P1486,8.000
P1486,P1487,9.000
P1487,P1488,10.000
P1488,P1489,11.000
P1489,P1490,4.000
P1490,P1491,5.000
P1491,P1492,6.000
P1492,P1493,7.000
P1493,P1494,8.000
P1494,P1495,9.000
P1495,P1496,10.000
P1496,P1497,11.000
P1497,P1498,4.000
P1498,P1499,5.000
P1499,P1500,6.000
P1500,P1501,7.000
P1501,P1502,8.000
P1502,P1503,9.000
P1503,P1504,10.000
P1504,P1505,11.000
P1505,P1506,4.000
P1506,P1507,5.000
P1507,P1508,6.000
P1508,P1509,7.000
P1509,P1510,8.000
P1510,P1511,9.000
P1511,P1512,10.000
P1512,P1513,11.000
P1513,P1514,4.000
P1514,P1515,5.000
P1515,P1516,6.000
P1516,P1517,7.000
P1517,P1518,8.000
P1518,P1519,9.000
P1519,P1520,10.000
P1520,P1521,11.000
P1521,P1522,4.000
P1522,P1523,5.000
P1523,P1524,6.000
P1524,P1525,7.000
P1525,P1526,8.000
P1526,P1527,9.000
P1527,P1528,10.000
P1528,P1529,11.000
P1529,P1530,4.000
P1530,P1531,5.000
P1531,P1532,6.000
P1532,P1533,7.000
P1533,P1534,8.000
P1534,P1535,9.000
P1535,P1536,10.000
P1536,P1537,11.000
P1537,P1538,4.000
P1538,P1539,5.000
P1539,P1540,6.000
P1540,P1541,7.000
P1541,P1542,8.000
P1542,P1543,9.000
P1543,P1544,10.000
P1544,P1545,11.000
P1545,P1546,4.000
P1546,P1547,5.000
P1547,P1548,6.000
P1548,P1549,7.000
P1549,P1550,8.000
P1550,P1551,9.000
P1551,P1552,10.000
P1552,P1553,11.000
P1553,P1554,4.000
P1554,P1555,5.000
P1555,P1556,6.000
P1556,P1557,7.000
P1557,P1558,8.000
P1558,P1559,9.000
P1559,P1560,10.000
P1560,P1561,11.000
P1561,P1562,4.000
P1562,P1563,5.000
P1563,P1564,6.000
P1564,P1565,7.000
P1565,P1566,8.000
P1566,P1567,9.000
P1567,P1568,10.000
P1568,P1569,11.000
P1569,P1570,4.000
P1570,P1571,5.000
P1571,P1572,6.000
P1572,P1573,7.000
P1573,P1574,8.000
P1574,P1575,9.000
P1575,P1576,10.000
P1576,P1577,11.000
P1577,P1578,4.000
P1578,P1579,5.000
P1579,P1580,6.000
P1580,P1581,7.000
P1581,P1582,8.000
P1582,P1583,9.000
P1583,P1584,10.000
P1584,P1585,11.000
P1585,P1586,4.000
P1586,P1587,5.000
P1587,P1588,6.000
P1588,P1589,7.000
P1589,P1590,8.000
P1590,P1591,9.000
P1591,P1592,10.000
P1592,P1593,11.000
P1593,P1594,4.000
P1594,P1595,5.000
P1595,P1596,6.000
P1596,P1597,7.000
P1597,P1598,8.000
P1598,P1599,9.000
P1599,P1600,10.000
P0001,P1600,11.000
P1131,P1171,6.000
P0056,P0068,11.000
P1508,P1596,10.000
P0247,P0300,8.000
P1359,P1398,10.000
P0794,P0840,12.000
P1058,P1133,10.000
P1114,P1197,10.000
P1253,P1284,12.000
P0140,P0223,11.000
P0343,P0419,6.000
P0025,P0032,6.000
P0119,P0146,6.000
P0228,P0237,7.000
P0748,P0809,9.000
P0050,P1593,8.000
P0686,P0735,7.000
P1379,P1382,8.000
P1556,P1559,12.000
P1338,P1352,6.000
P0674,P0755,12.000
P1192,P1272,10.000
P1269,P1294,11.000
P1039,P1120,9.000
P0139,P0232,8.000
P1401,P1486,6.000
P0710,P0770,8.000
P0011,P1595,6.000
P0693,P0699,7.000
P0083,P0092,10.000
P0967,P1019,11.000
P0768,P0862,9.000
P0255,P0327,9.000
P0048,P1583,12.000
P0875,P0912,12.000
P1185,P1232,9.000
P0224,P0255,9.000
P0135,P0210,12.000
P0694,P0704,6.000
P0772,P0856,12.000
P0729,P0805,11.000
P0752,P0787,8.000
P1460,P1485,11.000
P0597,P0691,12.000
P0056,P0070,6.000
P0565,P0583,10.000
P1099,P1121,6.000
P1493,P1517,10.000
P0307,P0397,10.000
P1380,P1382,11.000
P1550,P1585,9.000
P1243,P1315,8.000
P0975,P0983,9.000
P1426,P1453,11.000
P0009,P0070,8.000
P1294,P1309,9.000
P0905,P0939,12.000
P1083,P1150,12.000
P0135,P0224,11.000
P0381,P0462,8.000
P0725,P0735,7.000
P0146,P0218,10.000
P1115,P1117,12.000
P0832,P0882,7.000
P1412,P1432,6.000
P1415,P1508,9.000
P1252,P1348,7.000
P0935,P0945,12.000
P1469,P1484,11.000
P0580,P0620,8.000
P0357,P0401,10.000
P1531,P1598,8.000
P0401,P0472,10.000
P0369,P0452,10.000
P0014,P0107,10.000
P1019,P1111,9.000
P0544,P0550,12.000
P0955,P0992,12.000
P1204,P1254,12.000
P1348,P1358,7.000
P1341,P1388,10.000
P0568,P0623,12.000
P0745,P0833,7.000
P1557,P1597,6.000
P1326,P1405,6.000
P0717,P0774,7.000
P1244,P1279,12.000
P0654,P0748,7.000
P1102,P1105,9.000
P1168,P1221,7.000
P0016,P0091,9.000
P0005,P0007,7.000
P0983,P0992,6.000
P0680,P0688,10.000
P1264,P1310,9.000
P0598,P0609,6.000
P0168,P0251,7.000
P0651,P0673,11.000
P0178,P0207,6.000
P0573,P0663,8.000
P1540,P1546,10.000
P1268,P1336,6.000
P0039,P0071,12.000
P0381,P0447,7.000
P0944,P1012,9.000
P0921,P0956,7.000
P0598,P0675,10.000
P0949,P1046,10.000
P1037,P1101,6.000
P0467,P0511,10.000
P0411,P0486,6.000
P1432,P1450,6.000
P0568,P0576,9.000
P1507,P1587,11.000
P0192,P0267,11.000
P0318,P0414,8.000
P0079,P1585,9.000
P1068,P1102,8.000
P1077,P1113,11.000
P0873,P0908,7.000
P0616,P0630,11.000
P1451,P1456,12.000
P0059,P0094,7.000
P1485,P1561,9.000
P0729,P0739,12.000
P0018,P0102,12.000
P1273,P1306,11.000
P1498,P1518,9.000
P0117,P0209,12.000
P0913,P1007,8.000
P1416,P1457,9.000
P0698,P0764,8.000
P1308,P1328,11.000
P1463,P1557,11.000
P0756,P0809,6.000
P1438,P1448,6.000
P0657,P0749,7.000
P0863,P0923,7.000
P0433,P0502,9.000
P0367,P0446,10.000
P1410,P1506,8.000
P0696,P0761,10.000
P1493,P1502,10.000
P0339,P0427,6.000
P1194,P1272,10.000
P0880,P0896,6.000
P0767,P0829,7.000
P1488,P1539,10.000
P1235,P1275,11.000
P1405,P1418,12.000
P1439,P1523,6.000
P1229,P1253,7.000
P0159,P0210,9.000
P1447,P1504,8.000
P0595,P0684,10.000
P1366,P1449,7.000
P1255,P1320,9.000
P0619,P0656,12.000
P1227,P1310,7.000
P0092,P0157,7.000
P0077,P0167,6.000
P1150,P1243,6.000
P0553,P0563,7.000
P1435,P1452,6.000
P1268,P1333,6.000
P0554,P0610,12.000
P1350,P1375,8.000
P1543,P1551,10.000
P0265,P0305,6.000
P1574,P1589,8.000
P0561,P0637,7.000
P1178,P1243,10.000
P0366,P0423,8.000
P0963,P1043,8.000
P1046,P1082,7.000
P1392,P1401,6.000
P0048,P0144,12.000
P0699,P0720,9.000
P0040,P1569,7.000
P0555,P0567,8.000
P0986,P1077,7.000
P0779,P0832,6.000
P0482,P0524,9.000
P0124,P0171,10.000
P1268,P1340,9.000
P0398,P0430,9.000
P0983,P1061,8.000
P1316,P1377,10.000
P1073,P1152,9.000
P1064,P1104,7.000
P1436,P1448,6.000
P0866,P0938,6.000
P0490,P0536,6.000
P0835,P0857,10.000
P1002,P1062,8.000
P0834,P0870,11.000
P1542,P1590,6.000
P1255,P1339,7.000
P0087,P0176,6.000
P1460,P1523,9.000
P1315,P1386,6.000
P0958,P0981,8.000
P1053,P1065,11.000
P0815,P0864,11.000
P0233,P0274,8.000
P1513,P1535,9.000
P0694,P0729,10.000
P1437,P1523,8.000
P0387,P0401,10.000
P0299,P0388,12.000
P0015,P1526,12.000
P0530,P0540,6.000
P1170,P1204,11.000
P1567,P1588,10.000
P0585,P0677,12.000
P1486,P1562,10.000
P1503,P1507,6.000
P0472,P0491,7.000
P1203,P1245,7.000
P0129,P0138,10.000
P0726,P0819,10.000
P0861,P0888,11.000
P0835,P0838,9.000
P0226,P0234,12.000
P0224,P0266,12.000
P1566,P1573,11.000
P1203,P1285,10.000
P1269,P1306,7.000
P0276,P0343,9.000
P0005,P0028,11.000
P1057,P1093,7.000
P1081,P1153,10.000
P1382,P1408,10.000
P1445,P1536,6.000
P1004,P1094,7.000
P0233,P0320,11.000
P0561,P0648,11.000
P0316,P0381,6.000
P0684,P0746,9.000
P0447,P0535,11.000
P0690,P0783,12.000
P1142,P1185,11.000
P0986,P1043,12.000
P0751,P0834,9.000
P0146,P0180,10.000
P1469,P1544,7.000
P0351,P0412,9.000
P0369,P0444,10.000
P0852,P0887,7.000
P0361,P0443,10.000
P0263,P0290,11.000
P0123,P0209,6.000
P1175,P1178,9.000
P0443,P0520,9.000
P0184,P0214,9.000
P0909,P0976,10.000
P1372,P1457,8.000
P0667,P0672,6.000
P1017,P1040,6.000
P1441,P1484,9.000
P0040,P0060,9.000
P1367,P1373,11.000
P1378,P1447,9.000
P1020,P1037,11.000
P0465,P0472,9.000
P0389,P0397,7.000
P0131,P0179,8.000
P0713,P0722,9.000
P1330,P1418,10.000
P1067,P1117,7.000
P1488,P1547,10.000
P1518,P1530,11.000
P1062,P1099,10.000
P0413,P0437,12.000
P0126,P0197,8.000
P0080,P0175,12.000
P0697,P0758,10.000
P1513,P1598,6.000
P1011,P1014,9.000
P0550,P0643,11.000
P0125,P0160,7.000
P0081,P0154,10.000
P0995,P1085,12.000
P0741,P0774,7.000
P0613,P0647,8.000
P1168,P1200,6.000
P0467,P0520,10.000
P0773,P0869,7.000
P1252,P1261,10.000
P0786,P0882,7.000
P0133,P0212,9.000
P1175,P1268,6.000
P1430,P1520,10.000
P0430,P0504,8.000
P0790,P0830,9.000
P1019,P1080,12.000
P0988,P1074,7.000
P1270,P1292,9.000
P0380,P0397,7.000
P0662,P0752,8.000
P1340,P1415,8.000
P0386,P0444,8.000
P0604,P0652,7.000
P1271,P1356,9.000
P0035,P0085,6.000
P0623,P0625,11.000
P0547,P0636,6.000
P0105,P0123,6.000
P0431,P0509,9.000
P1250,P1269,7.000
P0017,P0019,12.000
P0132,P0205,12.000
P0960,P1000,11.000
P0975,P0989,7.000
P0454,P0457,7.000
P0152,P0186,6.000
P0852,P0923,9.000
P0517,P0587,8.000
P1296,P1309,8.000
P0802,P0880,10.000
P0406,P0456,10.000
P0296,P0393,10.000
P1265,P1283,12.000
P1419,P1464,8.000
P1468,P1539,12.000
P0409,P0483,8.000
P0059,P0085,10.000
P0012,P1542,8.000
P1400,P1421,9.000
P0893,P0964,7.000
P1121,P1160,12.000
P0410,P0498,9.000
P1419,P1447,11.000
P0618,P0647,6.000
P0554,P0589,7.000
P1053,P1145,8.000
P0963,P1030,7.000
P0007,P0080,12.000
P0474,P0504,6.000
P0338,P0368,8.000
P1383,P1428,10.000
P0355,P0393,8.000
P0647,P0724,8.000
P1144,P1185,9.000
P1018,P1073,9.000
P0909,P1002,12.000
P1124,P1153,10.000
P0050,P0098,8.000
P0934,P0979,7.000
P0099,P0133,10.000
P0905,P0932,12.000
P0305,P0337,8.000
P1003,P1085,6.000
P1295,P1337,6.000
P0550,P0602,7.000
P1050,P1110,11.000
P0039,P1598,10.000
P1442,P1491,10.000
P0977,P1014,10.000
P0580,P0669,10.000
P0975,P0992,7.000
P0587,P0657,7.000
P0746,P0814,8.000
P0613,P0632,9.000
P1218,P1284,10.000
P0233,P0281,12.000
P0886,P0894,9.000
P0536,P0582,11.000
P0826,P0868,12.000
P0527,P0595,11.000
P1157,P1216,8.000
P1416,P1450,9.000
P0410,P0426,6.000
P0231,P0250,11.000
P0807,P0893,8.000
P1537,P1553,6.000
P0385,P0442,12.000
P0675,P0771,11.000
P1310,P1364,12.000
P0854,P0951,9.000
P0321,P0343,9.000
P0847,P0858,8.000
P0953,P0956,8.000
P0117,P0131,8.000
P0434,P0527,6.000
P0006,P0095,10.000
P0350,P0412,9.000
P0066,P0088,7.000
P1293,P1367,10.000
P0593,P0636,12.000
P1560,P1581,12.000
P0048,P0107,9.000
P1413,P1477,11.000
P1405,P1412,12.000
P1476,P1541,10.000
P0652,P0705,6.000
P0816,P0878,12.000
P0227,P0283,8.000
P1372,P1408,10.000
P0916,P1010,8.000
P1430,P1475,7.000
P1467,P1502,6.000
P0472,P0484,11.000
P0301,P0343,10.000
P0396,P0431,11.000
P0804,P0832,12.000
P1024,P1041,6.000
P1591,P1594,9.000
P0066,P1574,6.000
P0791,P0861,9.000
P0011,P1545,10.000
P0106,P0176,7.000
P0505,P0524,8.000
P1417,P1456,12.000
P0126,P0153,6.000
P0997,P1019,12.000
P0918,P1008,10.000
P1178,P1212,6.000
P1255,P1334,10.000
P1192,P1217,11.000
P1247,P1293,12.000
P1450,P1455,9.000
P0849,P0899,9.000
P0988,P0994,12.000
P0436,P0459,6.000
P0929,P0970,11.000
P1355,P1449,12.000
P0234,P0274,6.000
P0715,P0745,7.000
P0919,P0964,6.000
P0410,P0486,6.000
P0116,P0155,11.000
P1405,P1476,8.000
P1040,P1089,10.000
P0921,P0991,9.000
P1481,P1561,11.000
P0649,P0700,9.000
P0525,P0567,6.000
P1252,P1331,8.000
P0707,P0803,10.000
P1519,P1599,7.000
P1499,P1543,10.000
P1386,P1447,12.000
P0476,P0490,8.000
P0199,P0295,10.000
P1393,P1408,8.000
P0534,P0604,12.000
P0428,P0521,10.000
P1498,P1505,8.000
P0485,P0570,8.000
P0478,P0574,10.000
P0279,P0355,6.000
P0182,P0204,6.000
P1328,P1406,12.000
P0511,P0550,6.000
P0363,P0403,9.000
P1395,P1411,11.000
P1262,P1280,7.000
P0653,P0689,6.000
P0990,P1070,7.000
P0240,P0268,6.000
P0356,P0413,12.000
P1422,P1488,12.000
P0782,P0787,9.000
P1006,P1042,10.000
P1179,P1196,8.000
P0027,P0113,8.000
P0968,P1060,12.000
P0103,P0107,6.000
P0870,P0903,7.000
P0614,P0702,6.000
P1184,P1194,6.000
P1165,P1185,12.000
P1014,P1058,9.000
P0156,P0195,8.000
P0144,P0210,6.000
P1282,P1358,8.000
P1311,P1398,12.000
P0621,P0632,12.000
P1241,P1321,6.000
P0523,P0612,7.000
P1456,P1522,10.000
P0701,P0706,12.000
P1244,P1304,6.000
P0866,P0888,10.000
P0036,P0066,10.000
P0665,P0736,7.000
P0462,P0504,6.000
P1034,P1086,9.000
P0263,P0328,8.000
P0075,P0126,6.000
P0745,P0804,12.000
P0706,P0791,6.000
P0055,P0081,6.000
P0685,P0747,8.000
P0514,P0583,9.000
P1147,P1213,7.000
P0004,P1542,9.000
P0700,P0735,12.000
P0515,P0540,11.000
P1441,P1519,6.000
P0281,P0337,12.000
P0565,P0615,7.000
P0755,P0787,8.000
P1081,P1159,12.000
P1236,P1261,7.000
P0867,P0894,11.000
P1504,P1582,8.000
P0917,P0943,8.000
P0218,P0236,7.000
P0509,P0589,6.000
P0840,P0929,12.000
P1217,P1236,10.000
P1053,P1143,10.000
P0558,P0600,9.000
P0803,P0829,6.000
P0827,P0906,10.000
P0035,P1541,8.000
P0310,P0401,6.000
P1038,P1108,11.000
P0199,P0241,6.000
P0105,P0183,11.000
P1371,P1452,11.000
P0807,P0884,7.000
P0265,P0344,9.000
P0182,P0236,6.000
P0723,P0749,7.000
P0234,P0265,11.000
P0730,P0788,10.000
P1042,P1100,6.000
P0538,P0610,8.000
P0070,P0117,10.000
P0165,P0221,12.000
P0915,P0985,12.000
P0538,P0581,10.000
P1242,P1319,9.000
P0665,P0745,6.000
P0284,P0308,11.000
P1450,P1468,11.000
P1068,P1100,12.000
P1055,P1062,10.000
P0040,P0111,9.000
P0552,P0614,6.000
P1013,P1036,6.000
P1415,P1475,6.000
P0756,P0797,9.000
P0675,P0717,7.000
P1256,P1321,11.000
P0501,P0514,10.000
P0167,P0214,8.000
P0036,P0121,8.000
P0946,P0986,11.000
P0037,P0092,6.000
P0724,P0796,9.000
P1084,P1157,10.000
P1028,P1105,12.000
P1453,P1489,7.000
P1101,P1141,8.000
P0116,P0156,12.000
P0496,P0583,12.000
P0236,P0309,9.000
P0327,P0418,11.000
P1471,P1562,8.000
P1376,P1469,9.000
P1092,P1137,7.000
P0425,P0450,7.000
P1236,P1258,12.000
P1283,P1332,12.000
P0658,P0717,6.000
P0215,P0282,7.000
P1074,P1091,9.000
P0852,P0918,8.000
P0179,P0194,12.000
P0586,P0644,8.000
P1133,P1181,9.000
P0903,P0987,11.000
P0490,P0532,8.000
P0279,P0314,10.000
P1401,P1471,12.000
P1423,P1454,9.000
P0901,P0969,7.000
P0080,P0106,11.000
P1311,P1336,11.000
P0436,P0492,11.000
P1553,P1594,12.000
P0088,P0143,10.000
P0544,P0631,8.000
P0834,P0836,9.000
P1215,P1218,9.000
P0733,P0783,7.000
P1212,P1305,10.000
P0056,P0099,6.000
P0504,P0529,8.000
P1023,P1068,7.000
P0809,P0898,9.000
P0266,P0355,6.000
P0099,P0126,9.000
P0689,P0786,10.000
P0885,P0911,11.000
P0339,P0351,9.000
P1528,P1553,8.000
P0511,P0602,9.000
P0834,P0925,10.000
P0095,P0169,11.000
P0897,P0901,11.000
P0292,P0350,6.000
P0962,P1032,6.000
P1277,P1289,11.000
P1540,P1552,12.000
P0760,P0815,11.000
P1011,P1019,12.000
P1351,P1414,8.000
P1565,P1576,8.000
P0072,P0078,6.000
P1525,P1592,6.000
P0581,P0584,6.000
P0675,P0698,10.000
P0030,P1592,8.000
P1408,P1461,6.000
P0079,P0110,10.000
P0621,P0698,10.000
P0427,P0464,10.000
P1483,P1502,8.000
P0893,P0900,12.000
P1292,P1338,12.000
P1380,P1428,12.000
P0192,P0270,10.000
P0199,P0249,7.000
P1187,P1267,9.000
P1412,P1425,11.000
P0041,P0125,12.000
P0297,P0302,6.000
P0266,P0328,7.000
P1279,P1321,8.000
P0548,P0629,6.000
P0061,P0147,9.000
P0341,P0412,9.000
P1017,P1059,11.000
P0273,P0276,10.000
P1328,P1377,7.000
P0188,P0230,10.000
P0005,P1562,9.000
P0506,P0550,9.000
P0709,P0715,9.000
P0559,P0648,6.000
P0047,P1558,12.000
P0392,P0458,7.000
P0080,P0104,10.000
P1058,P1155,9.000
P1256,P1300,11.000
P0857,P0915,6.000
P0639,P0736,8.000
P0067,P0088,8.000
P0155,P0188,7.000
P1524,P1597,7.000
P0213,P0229,7.000
P1287,P1291,10.000
P1074,P1167,9.000
P0780,P0861,11.000
P1058,P1140,8.000
P0483,P0575,6.000
P0122,P0133,12.000
P0004,P1580,9.000
P0668,P0705,11.000
P0029,P1590,12.000
P0049,P0114,12.000
P0359,P0441,6.000
P0841,P0925,11.000
P1368,P1442,6.000
P0047,P0105,9.000
P0825,P0875,7.000
P0275,P0344,8.000
P0583,P0621,11.000
P0273,P0362,8.000
P0409,P0497,9.000
P0395,P0480,6.000
P0870,P0942,6.000
P0580,P0605,9.000
P0012,P1553,12.000
P0057,P0098,6.000
P1283,P1333,8.000
P0523,P0528,7.000
P1197,P1256,6.000
P0017,P0100,10.000
P0872,P0900,7.000
P0114,P0169,8.000
P0258,P0326,8.000
P0046,P0071,11.000
P1300,P1383,7.000
P1205,P1243,10.000
P0061,P0103,9.000
P0751,P0848,12.000
P0639,P0690,10.000
P0172,P0245,7.000
P1105,P1150,6.000
P0189,P0277,10.000
P0341,P0432,6.000
P1380,P1404,12.000
P0736,P0791,8.000
P1348,P1439,7.000
P1363,P1382,7.000
P1291,P1331,9.000
P1102,P1168,11.000
P0559,P0624,11.000
P0998,P1024,6.000
P0706,P0762,11.000
P0772,P0837,7.000
P0929,P0968,10.000
P0814,P0832,7.000
P0604,P0680,9.000
P1374,P1449,7.000
P0861,P0905,10.000
P1252,P1281,9.000
P1463,P1516,11.000
P0259,P0333,7.000
P0939,P0950,11.000
P0482,P0540,9.000
P0727,P0732,9.000
P1332,P1378,6.000
P0848,P0861,8.000
P1067,P1076,11.000
P1099,P1180,12.000
P1448,P1460,9.000
P0011,P0107,7.000
P1229,P1268,8.000
P1143,P1165,9.000
P1345,P1395,12.000
P0021,P0035,12.000
P0686,P0728,10.000
P0854,P0933,8.000
P0872,P0899,12.000
P0923,P1001,12.000
P0231,P0285,6.000
P0885,P0890,8.000
P1115,P1156,9.000
P1448,P1495,10.000
P0231,P0290,11.000
P0099,P0149,12.000
P1168,P1178,12.000
P0856,P0941,9.000
P0427,P0511,12.000
P1321,P1377,7.000
P0145,P0178,6.000
P0467,P0559,6.000
P0596,P0658,10.000
P0371,P0411,9.000
P0999,P1086,11.000
P0158,P0197,10.000
P0467,P0488,8.000
P1041,P1100,10.000
P0316,P0403,12.000
P1498,P1569,9.000
P0848,P0864,6.000
P0001,P1507,6.000
P1478,P1533,6.000
P0798,P0875,11.000
P0357,P0402,12.000
P0436,P0528,9.000
P0951,P0976,12.000
P0551,P0577,8.000
P0118,P0196,6.000
P1076,P1089,8.000
P0286,P0369,12.000
P0930,P0988,11.000
P0406,P0499,12.000
P0034,P1587,7.000
P0795,P0892,8.000
P0636,P0681,12.000
P0806,P0830,8.000
P0315,P0358,12.000
P0697,P0764,10.000
P1549,P1600,11.000
P1475,P1518,10.000
P0248,P0344,10.000
P0482,P0517,12.000
P0874,P0895,6.000
P0270,P0331,6.000
P0565,P0581,12.000
P0298,P0345,8.000
P1251,P1336,10.000
P0122,P0190,7.000
P0329,P0416,8.000
P0708,P0729,8.000
P0903,P0927,12.000
P1428,P1503,8.000
P1404,P1408,9.000
P1013,P1072,9.000
P1495,P1528,7.000
P1047,P1108,6.000
P1282,P1356,10.000
P0903,P0947,9.000
P1390,P1410,7.000
P0653,P0728,8.000
P0478,P0575,10.000
P0421,P0505,6.000
P0050,P1559,7.000
P0445,P0539,8.000
P0036,P1584,12.000
P0004,P0015,11.000
P0640,P0653,7.000
P0970,P0994,6.000
P1443,P1505,11.000
P1184,P1192,6.000
P0802,P0848,8.000
P1046,P1102,11.000
P0726,P0799,10.000
P0925,P1001,9.000
P0104,P0129,11.000
P0952,P0961,8.000
P1191,P1232,7.000
P0162,P0223,7.000
P0220,P0233,6.000
P1266,P1284,9.000
P1288,P1328,8.000
P1129,P1132,10.000
P1191,P1195,8.000
P0920,P1007,12.000
P1191,P1274,8.000
P0440,P0459,11.000
P0110,P0159,12.000
P0052,P0130,12.000
P0007,P1533,12.000
P1303,P1375,10.000
P1375,P1428,9.000
P0834,P0910,11.000
P1319,P1353,9.000
P1447,P1495,6.000
P0225,P0310,11.000
P1431,P1501,6.000
P0886,P0969,8.000
P0125,P0201,6.000
P0802,P0823,11.000
P1097,P1189,8.000
P0195,P0287,6.000
P0780,P0785,6.000
P0836,P0917,10.000
P1154,P1244,9.000
P0720,P0806,10.000
P0739,P0786,9.000
P0209,P0284,12.000
P1448,P1509,9.000
P0417,P0501,9.000
P1323,P1331,8.000
P1492,P1509,7.000
P0246,P0271,8.000
P0440,P0483,12.000
P0127,P0160,11.000
P1320,P1385,6.000
P1157,P1229,12.000
P1093,P1171,12.000
P1272,P1314,11.000
P0675,P0687,10.000
P0649,P0738,8.000
P0068,P0109,8.000
P1379,P1445,11.000
P0167,P0228,12.000
P0527,P0536,7.000
P0078,P0091,11.000
P0656,P0708,8.000
P1166,P1256,6.000
P0572,P0651,6.000
P1326,P1414,10.000
P0867,P0914,10.000
P0492,P0553,8.000
P0486,P0580,8.000
P1110,P1190,10.000
P0358,P0408,7.000
P0298,P0364,12.000
P0739,P0760,9.000
P0822,P0898,12.000
P1515,P1533,12.000
P0860,P0880,12.000
P0286,P0344,8.000
P0237,P0265,7.000
P0035,P0059,11.000
P0319,P0367,7.000
P0731,P0738,9.000
P0934,P0947,7.000
P0972,P1025,7.000
P0268,P0359,6.000
P1302,P1382,12.000
P1161,P1246,7.000
P1346,P1400,7.000
P0451,P0545,8.000
P1437,P1528,7.000
P0040,P1592,11.000
P1084,P1151,8.000
P1452,P1496,9.000
P0924,P0989,12.000
P0264,P0304,10.000
P0468,P0515,9.000
P1049,P1054,8.000
P0800,P0840,8.000
P0166,P0262,6.000
P0265,P0270,12.000
P0700,P0751,9.000
P0559,P0579,8.000
P0550,P0576,12.000
P0318,P0371,11.000
P0658,P0660,9.000
P0463,P0474,8.000
P1049,P1060,12.000
P0768,P0815,10.000
P0958,P1020,6.000
P0522,P0535,10.000
P0071,P0119,9.000
P0881,P0895,7.000
P0379,P0384,12.000
P0916,P0941,9.000
P1341,P1383,12.000
P0242,P0321,11.000
P1040,P1126,11.000
P1270,P1330,11.000
P1225,P1316,9.000
P1120,P1199,9.000
P1144,P1222,10.000
P0632,P0644,9.000
P1096,P1105,11.000
P0144,P0216,9.000
P1343,P1372,10.000
P1208,P1239,12.000
P0425,P0465,9.000
P0161,P0224,12.000
P1173,P1188,9.000
P1290,P1314,12.000
P1077,P1146,9.000
P0846,P0867,8.000
P0064,P0138,8.000
P1104,P1188,6.000
P0586,P0619,12.000
P1413,P1492,10.000
P1116,P1151,8.000
P0842,P0929,12.000
P0029,P1539,12.000
P0227,P0315,12.000
P0134,P0147,6.000
P0006,P1564,11.000
P0767,P0811,7.000
P0974,P0994,9.000
P0018,P1522,9.000
P0459,P0473,11.000
P0118,P0135,7.000
P0270,P0317,9.000
P0581,P0674,11.000
P1122,P1138,9.000
P0995,P1008,6.000
P0791,P0823,12.000
P0221,P0271,11.000
P0743,P0811,11.000
P1218,P1227,10.000
P0065,P1577,6.000
P0825,P0873,9.000
P1267,P1274,12.000
P0396,P0405,8.000
P0819,P0878,10.000
P0073,P0094,10.000
P0808,P0867,9.000
P1188,P1197,12.000
P0372,P0395,10.000
P1475,P1483,10.000
P0385,P0462,8.000
P0612,P0635,10.000
P0083,P0179,12.000
P0411,P0478,6.000
P0666,P0716,6.000
P1194,P1283,8.000
P0815,P0868,11.000
P0028,P0053,7.000
P0585,P0595,8.000
P0122,P0170,7.000
P0230,P0310,10.000
P0993,P1085,9.000
P0511,P0597,6.000
P1386,P1419,10.000
P1010,P1042,6.000
P0662,P0695,12.000
P0241,P0261,12.000
P0269,P0343,12.000
P0396,P0412,10.000
P0844,P0851,8.000
P0377,P0454,10.000
P0713,P0723,11.000
P1337,P1391,8.000
P1023,P1115,9.000
P0575,P0661,11.000
P0962,P0987,11.000
P0008,P0035,12.000
P1455,P1540,10.000
P0007,P0026,6.000
P0345,P0377,11.000
P1391,P1469,7.000
P0630,P0708,6.000
P0969,P1039,12.000
P0213,P0253,11.000
P0988,P1070,9.000
P0413,P0472,9.000
P1021,P1093,10.000
P0897,P0971,11.000
P0832,P0922,10.000
P0028,P0083,9.000
P1305,P1327,8.000
P1500,P1521,6.000
P0300,P0333,11.000
P0743,P0754,12.000
P0839,P0925,6.000
P0031,P1540,12.000
P0943,P0998,9.000
P1179,P1182,6.000
P1384,P1448,9.000
P0495,P0584,10.000
P0516,P0560,12.000
P1116,P1135,6.000
P1427,P1446,8.000
P1340,P1352,6.000
P1372,P1425,6.000
P0083,P0115,12.000
P1481,P1563,11.000
P0554,P0588,6.000
P1210,P1264,6.000
P1391,P1455,8.000
P0259,P0302,11.000
P0133,P0219,7.000
P0704,P0724,10.000
P0158,P0198,8.000
P0176,P0265,10.000
P0810,P0871,10.000
P0999,P1020,9.000
P1438,P1496,9.000
P1071,P1120,9.000
P1301,P1335,7.000
P0212,P0309,10.000
P0594,P0616,12.000
P0561,P0571,8.000
P1338,P1419,6.000
P0629,P0638,8.000
P1373,P1389,8.000
P0967,P0979,6.000
P0010,P0056,6.000
P1511,P1561,10.000
P1403,P1476,6.000
P1270,P1285,9.000
P0061,P0130,9.000
P0811,P0869,7.000
P1545,P1562,11.000
P0068,P0117,11.000
P0746,P0774,7.000
P0277,P0341,7.000
P0756,P0816,8.000
P1585,P1597,8.000
P0038,P0111,8.000
P0601,P0639,12.000
P0631,P0687,10.000
P1231,P1300,8.000
P0152,P0205,7.000
P0894,P0982,12.000
P1004,P1013,7.000
P1167,P1194,9.000
P1166,P1242,11.000
P1166,P1229,10.000
P0384,P0438,12.000
P1162,P1199,7.000
P1516,P1562,7.000
P0481,P0542,7.000
P0998,P1070,9.000
P0016,P0085,12.000
P0526,P0594,12.000
P1466,P1556,11.000
P1010,P1098,12.000
P0020,P0102,9.000
P0173,P0187,6.000
P0237,P0247,9.000
P0113,P0126,11.000
P0931,P0965,12.000
P0432,P0517,12.000
P0441,P0538,10.000
P0235,P0285,9.000
P0734,P0782,10.000
P0602,P0639,12.000
P0864,P0908,10.000
P1170,P1219,7.000
P0070,P0096,7.000
P0174,P0186,12.000
P0895,P0929,6.000
P0879,P0961,12.000
P1204,P1251,11.000
P1219,P1242,10.000
P1312,P1352,11.000
P1056,P1118,7.000
P0806,P0828,9.000
P0270,P0284,7.000
P0679,P0735,6.000
P1325,P1383,10.000
P0218,P0290,6.000
P1279,P1282,6.000
P0806,P0881,8.000
P1046,P1110,6.000
P1291,P1358,7.000
P0011,P0075,8.000
P0030,P1576,6.000
P0897,P0922,12.000
P1055,P1088,9.000
P1069,P1159,12.000
P0983,P1060,7.000
P0026,P0029,11.000
P0511,P0607,9.000
P1104,P1107,6.000
P0685,P0732,8.000
P0925,P1009,11.000
P0002,P1599,11.000
P0205,P0221,9.000
P0125,P0156,7.000
P1016,P1062,7.000
P0448,P0535,8.000
P1425,P1463,9.000
P1108,P1169,7.000
P1522,P1600,9.000
P1346,P1377,7.000
P0433,P0499,6.000
P0298,P0370,7.000
P0589,P0600,7.000
P1140,P1184,10.000
P1262,P1311,12.000
P0330,P0426,12.000
P0452,P0507,10.000
P1314,P1376,7.000
P0121,P0168,8.000
P0180,P0259,10.000
P1194,P1241,6.000
P1438,P1454,9.000
P1262,P1356,10.000
P1106,P1178,12.000
P0505,P0574,10.000
P0052,P0146,7.000
P1257,P1301,12.000
P0799,P0820,6.000
P0056,P1580,10.000
P0667,P0714,10.000
P0080,P0101,11.000
P0047,P0091,12.000
P1367,P1444,9.000
P0151,P0223,8.000
P0149,P0224,12.000
P0168,P0259,6.000
P0513,P0524,9.000
P1184,P1244,7.000
P1324,P1406,11.000
P0299,P0314,11.000
P0032,P1593,9.000
P1250,P1342,6.000
P0218,P0306,9.000
P0815,P0870,11.000
P1003,P1071,8.000
P0640,P0697,12.000
P1004,P1072,10.000
P0335,P0357,9.000
P1079,P1101,7.000
P0349,P0425,8.000
P0496,P0508,9.000
P1423,P1446,10.000
P0625,P0662,12.000
P1135,P1201,12.000
P0274,P0314,6.000
P0430,P0437,11.000
P0830,P0849,9.000
P1017,P1054,6.000
P1425,P1483,9.000
P1362,P1413,9.000
P0026,P1536,7.000
P0083,P0102,9.000
P0285,P0337,9.000
P1255,P1316,9.000
P0039,P0111,11.000
P1100,P1194,9.000
P0751,P0761,9.000
P0522,P0530,9.000
P0203,P0263,10.000
P1168,P1213,12.000
P1529,P1554,12.000
P0955,P1020,6.000
P0053,P0150,6.000
P0532,P0567,11.000
P0321,P0338,9.000
P0849,P0858,9.000
P0023,P0093,8.000
P0600,P0622,11.000
P1285,P1341,8.000
P0335,P0422,11.000
P0847,P0867,7.000
P0446,P0509,11.000
P1384,P1476,10.000
P0035,P1579,9.000
P0443,P0457,10.000
P1484,P1510,8.000
P0368,P0394,6.000
P0145,P0237,12.000
P1195,P1197,12.000
P0014,P1579,10.000
P1182,P1232,10.000
P0972,P1018,10.000
P0982,P0993,11.000
P0269,P0312,8.000
P1572,P1583,8.000
P0064,P0073,11.000
P0945,P0950,10.000
P0383,P0459,11.000
P0451,P0527,6.000
P1347,P1401,10.000
P0957,P1044,10.000
P1314,P1405,6.000
P1423,P1511,11.000
P0984,P1058,10.000
P0585,P0620,10.000
P0437,P0504,6.000
P1016,P1113,6.000
P1415,P1424,7.000
P1299,P1362,11.000
P0344,P0432,6.000
P0821,P0823,8.000
P0996,P0998,9.000
P1321,P1325,7.000
P0755,P0792,10.000
P1489,P1562,7.000
P1518,P1562,11.000
P0480,P0501,9.000
P0812,P0850,12.000
P0988,P1021,10.000
P1072,P1134,7.000
P0846,P0928,10.000
P0993,P1082,10.000
P0665,P0725,12.000
P0954,P0994,8.000
P0531,P0541,12.000
P0757,P0804,9.000
P0715,P0718,7.000
P1251,P1272,9.000
P0811,P0901,10.000
P1161,P1249,10.000
P0618,P0643,6.000
P0223,P0252,10.000
P0767,P0810,9.000
P1361,P1455,9.000
P1312,P1373,12.000
P0122,P0204,7.000
P0398,P0456,8.000
P0632,P0663,9.000
P1501,P1521,10.000
P0151,P0244,12.000
P0005,P0014,8.000
P0415,P0430,8.000
P0048,P0132,7.000
P0811,P0894,7.000
P0009,P1593,6.000
P1250,P1328,8.000
P0841,P0851,8.000
P1133,P1190,12.000
P0892,P0957,7.000
P1071,P1165,8.000
P0904,P0996,10.000
P1061,P1082,11.000
P0555,P0631,6.000
P0141,P0169,6.000
P0533,P0590,7.000
P0859,P0883,9.000
P0319,P0399,8.000
P0705,P0759,10.000
P1018,P1061,11.000
P1021,P1091,7.000
P0292,P0342,12.000
P1022,P1101,11.000
P0157,P0186,11.000
P1151,P1191,11.000
P1476,P1571,8.000
P0830,P0902,11.000
P1529,P1544,8.000
P1427,P1452,10.000
P0810,P0888,8.000
P1500,P1580,6.000
P0920,P0983,9.000
P0442,P0518,6.000
P0986,P1024,12.000
P1132,P1137,10.000
P0894,P0901,7.000
P1477,P1561,10.000
P1130,P1179,8.000
P0794,P0822,8.000
P0944,P1017,9.000
P0560,P0584,10.000
P1438,P1476,9.000
P1413,P1503,6.000
P1382,P1436,9.000
P1019,P1048,12.000
P0011,P1528,11.000
P0373,P0409,12.000
P0063,P0107,12.000
P0010,P0047,9.000
P0497,P0578,11.000
P1105,P1155,7.000
P1403,P1466,10.000
P0765,P0843,12.000
P0040,P1577,7.000
P0043,P0049,12.000
P0041,P1581,7.000
P0754,P0811,8.000
P0646,P0724,9.000
P0534,P0543,7.000
P0589,P0661,12.000
P0731,P0756,7.000
P0688,P0776,8.000
P1260,P1282,10.000
P1009,P1075,11.000
P0033,P0095,7.000
P0252,P0255,7.000
P0005,P1561,8.000
P0187,P0246,8.000
P1514,P1551,12.000
P0418,P0488,9.000
P0827,P0866,8.000
P0495,P0574,12.000
P0290,P0319,6.000
P1516,P1563,11.000
P1533,P1595,10.000
P0334,P0373,9.000
P1259,P1284,7.000
P1283,P1310,11.000
P0296,P0313,11.000
P0966,P0977,11.000
P0390,P0481,10.000
P0141,P0185,10.000
P1329,P1367,10.000
P0649,P0687,6.000
P1132,P1201,7.000
P0461,P0488,10.000
P0661,P0667,9.000
P0752,P0794,8.000
P0144,P0183,9.000
P1488,P1562,10.000
P0307,P0311,7.000
P0914,P0964,7.000
P0094,P0180,9.000
P0009,P0069,6.000
P0048,P1554,8.000
P0732,P0747,10.000
P0529,P0594,10.000
P0833,P0874,9.000
P0549,P0646,9.000
P0256,P0329,10.000
P1370,P1445,11.000
P0005,P1564,8.000
P0146,P0175,9.000
P0025,P1557,11.000
P1213,P1292,12.000
P1331,P1382,11.000
P1210,P1301,10.000
P1239,P1270,6.000
P0222,P0309,10.000
P0362,P0396,10.000
P0937,P0984,6.000
P0993,P1076,10.000
P0171,P0257,12.000
P0871,P0918,12.000
P0566,P0593,9.000
P1239,P1301,6.000
P1023,P1120,8.000
P0937,P0962,9.000
P1263,P1280,7.000
P0952,P1042,8.000
P0214,P0305,9.000
P0640,P0699,10.000
P0956,P0999,6.000
P1536,P1556,10.000
P1225,P1308,6.000
P0141,P0151,8.000
P0482,P0572,8.000
P0226,P0300,8.000
P0005,P0011,8.000
P0177,P0263,9.000
P0634,P0698,9.000
P0493,P0507,9.000
P1434,P1439,10.000
P1442,P1468,6.000
P0879,P0937,10.000
P0122,P0164,9.000
P0029,P1585,8.000
P1336,P1361,11.000
P1315,P1336,6.000
P1244,P1310,9.000
P0064,P1579,7.000
P1345,P1357,10.000
P0258,P0263,10.000
P0596,P0685,12.000
P0791,P0858,8.000
P0346,P0441,6.000
P1017,P1051,9.000
P0277,P0318,6.000
P0789,P0826,12.000
P0692,P0774,11.000
P0241,P0304,7.000
P1288,P1332,10.000
P0583,P0671,8.000
P0020,P1567,6.000
P1014,P1083,11.000
P0117,P0150,10.000
P0958,P0984,12.000
P0876,P0947,7.000
P1466,P1490,7.000
P1056,P1130,9.000
P0861,P0870,10.000
P0153,P0220,11.000
P1282,P1318,11.000
P1314,P1381,9.000
P1222,P1229,8.000
P0951,P1012,9.000
P0081,P0146,12.000
P0811,P0822,10.000
P0808,P0891,7.000
P0441,P0476,10.000
P0923,P0992,6.000
P0928,P0952,12.000
P0438,P0515,8.000
P0026,P1543,9.000
P0050,P0060,8.000
P0013,P0108,9.000
P0648,P0738,10.000
P0208,P0289,8.000
P0691,P0701,8.000
P1509,P1548,11.000
P1436,P1439,6.000
P0512,P0561,9.000
P1491,P1526,7.000
P1195,P1258,7.000
P0159,P0184,7.000
P0011,P1539,8.000
P0942,P0971,10.000
P0853,P0910,10.000
P0434,P0444,11.000
P0455,P0483,8.000
P1409,P1506,9.000
P0220,P0244,7.000
P0658,P0663,10.000
P0480,P0490,12.000
P0959,P1026,9.000
P0975,P1034,9.000
P0215,P0271,7.000
P0932,P0996,7.000
P0867,P0954,11.000
P0126,P0208,6.000
P1049,P1144,7.000
P1310,P1387,11.000
P1071,P1114,10.000
P0190,P0229,12.000
P0270,P0350,7.000
P0603,P0623,9.000
P1055,P1131,12.000
P1523,P1576,6.000
P0286,P0312,11.000
P0591,P0684,8.000
P0035,P0069,12.000
P0186,P0237,10.000
P0907,P0952,11.000
P1519,P1569,10.000
P0318,P0331,11.000
P0718,P0736,10.000
P0730,P0812,10.000
P1313,P1406,8.000
P0520,P0550,9.000
P0793,P0861,6.000
P0255,P0350,8.000
P0321,P0391,7.000
P0898,P0985,12.000
P1134,P1144,6.000
P1212,P1224,8.000
P1142,P1223,6.000
P0296,P0367,9.000
P0057,P0088,7.000
P0183,P0268,6.000
P1536,P1583,10.000
P1361,P1367,9.000
P1232,P1242,11.000
P0586,P0656,11.000
P1166,P1208,11.000
P1113,P1186,11.000
P1211,P1228,8.000
P0298,P0380,10.000
P0175,P0235,9.000
P0337,P0426,11.000
P0534,P0563,10.000
P0593,P0678,12.000
P0037,P1543,10.000
P0087,P0107,9.000
P0948,P0960,8.000
P0865,P0916,11.000
P0828,P0851,9.000
P0352,P0380,8.000
P1346,P1358,7.000
P0021,P0108,9.000
P0044,P0073,11.000
P0387,P0424,6.000
P0589,P0671,9.000
P0209,P0247,8.000
P1263,P1309,11.000
P0561,P0604,7.000
P1376,P1415,9.000
P0962,P0966,7.000
P1508,P1566,6.000
P1215,P1288,6.000
P0161,P0234,6.000
P1028,P1030,7.000
P1323,P1403,11.000
P0786,P0874,9.000
P1261,P1305,12.000
P0031,P1571,11.000
P1380,P1451,9.000
P0694,P0728,11.000
P0964,P1039,8.000
P0001,P0069,6.000
P0318,P0406,7.000
P0847,P0852,11.000
P1383,P1409,7.000
P0928,P0990,6.000
P0964,P0978,10.000
P0452,P0547,9.000
P0646,P0686,12.000
P0698,P0728,11.000
P0531,P0623,8.000
P0043,P1598,8.000
P0797,P0869,8.000
P0038,P1595,11.000
P1565,P1586,12.000
P0702,P0740,10.000
P0041,P1573,10.000
P0188,P0235,7.000
P0805,P0876,11.000
P1262,P1284,6.000
P1448,P1545,8.000
P0278,P0362,12.000
P1541,P1579,9.000
P0232,P0329,10.000
P0500,P0534,9.000
P0551,P0567,10.000
P1046,P1057,10.000
P1462,P1546,7.000
P0095,P0167,6.000
P0182,P0249,7.000
P1047,P1111,7.000
P1289,P1360,11.000
P1145,P1222,9.000
P0485,P0526,12.000
P0020,P0035,9.000
P0560,P0588,6.000
P1533,P1597,6.000
P0274,P0307,7.000
P0081,P0151,12.000
P0157,P0194,8.000
P0061,P0113,9.000
P0616,P0672,10.000
P0845,P0919,6.000
P1490,P1524,8.000
P0315,P0409,8.000
P1443,P1533,11.000
P1033,P1098,7.000
P0250,P0252,11.000
P0206,P0235,11.000
P0109,P0174,11.000
P0194,P0286,6.000
P0488,P0524,11.000
P1372,P1462,8.000
P0756,P0819,12.000
P1330,P1354,9.000
P1290,P1298,7.000
P1015,P1056,6.000
P0574,P0595,11.000
P1186,P1241,6.000
P1533,P1572,7.000
P1139,P1184,7.000
P1020,P1057,10.000
P0186,P0252,8.000
P1393,P1419,12.000
P0175,P0198,12.000
P1279,P1305,7.000
P0390,P0456,12.000
P0478,P0509,12.000
P1170,P1249,12.000
P0440,P0511,7.000
P0245,P0248,9.000
P0858,P0895,6.000
P0694,P0745,6.000
P0057,P0137,10.000
P0112,P0161,10.000
P1283,P1352,8.000
P1468,P1504,6.000
P0779,P0811,8.000
P0930,P0945,6.000
P0871,P0879,6.000
P1515,P1569,10.000
P0352,P0413,7.000
P0700,P0733,6.000
P0417,P0452,9.000
P1089,P1111,7.000
P1353,P1437,7.000
P0772,P0792,8.000
