_id,seq_id,source_sequence,mutant_index,source_index,source_location,sample_date,generator,mutation_rate,years,distribution
HIVD01_0,HIVD01_0,HIVD01,0,1,Atlanta,2024-01-01,dunes,0.0041,0.25,hiv
HIVD01_1,HIVD01_1,HIVD01,1,1,Atlanta,2024-01-02,dunes,0.0041,0.25,hiv
HIVD01_2,HIVD01_2,HIVD01,2,1,Atlanta,2024-01-03,dunes,0.0041,0.25,hiv
HIVD01_3,HIVD01_3,HIVD01,3,1,Atlanta,2024-01-04,dunes,0.0041,0.25,hiv
HIVD01_4,HIVD01_4,HIVD01,4,1,Atlanta,2024-01-05,dunes,0.0041,0.25,hiv
HIVD01_5,HIVD01_5,HIVD01,5,1,Atlanta,2024-01-06,dunes,0.0041,0.25,hiv
HIVD01_6,HIVD01_6,HIVD01,6,1,Atlanta,2024-01-07,dunes,0.0041,0.25,hiv
HIVD01_7,HIVD01_7,HIVD01,7,1,Atlanta,2024-01-08,dunes,0.0041,0.25,hiv
HIVD01_8,HIVD01_8,HIVD01,8,1,Atlanta,2024-01-09,dunes,0.0041,0.25,hiv
HIVD01_9,HIVD01_9,HIVD01,9,1,Atlanta,2024-01-10,dunes,0.0041,0.25,hiv
HIVD01_10,HIVD01_10,HIVD01,10,1,Atlanta,2024-01-11,dunes,0.0041,0.25,hiv
HIVD01_11,HIVD01_11,HIVD01,11,1,Atlanta,2024-01-12,dunes,0.0041,0.25,hiv
HIVD01_12,HIVD01_12,HIVD01,12,1,Atlanta,2024-01-13,dunes,0.0041,0.25,hiv
HIVD01_13,HIVD01_13,HIVD01,13,1,Atlanta,2024-01-14,dunes,0.0041,0.25,hiv
HIVD01_14,HIVD01_14,HIVD01,14,1,Atlanta,2024-01-15,dunes,0.0041,0.25,hiv
HIVD01_15,HIVD01_15,HIVD01,15,1,Atlanta,2024-01-16,dunes,0.0041,0.25,hiv
HIVD01_16,HIVD01_16,HIVD01,16,1,Atlanta,2024-01-17,dunes,0.0041,0.25,hiv
HIVD01_17,HIVD01_17,HIVD01,17,1,Atlanta,2024-01-18,dunes,0.0041,0.25,hiv
HIVD01_18,HIVD01_18,HIVD01,18,1,Atlanta,2024-01-19,dunes,0.0041,0.25,hiv
HIVD01_19,HIVD01_19,HIVD01,19,1,Atlanta,2024-01-20,dunes,0.0041,0.25,hiv
HIVD01_20,HIVD01_20,HIVD01,20,1,Atlanta,2024-01-21,dunes,0.0041,0.25,hiv
HIVD01_21,HIVD01_21,HIVD01,21,1,Atlanta,2024-01-22,dunes,0.0041,0.25,hiv
HIVD01_22,HIVD01_22,HIVD01,22,1,Atlanta,2024-01-23,dunes,0.0041,0.25,hiv
HIVD01_23,HIVD01_23,HIVD01,23,1,Atlanta,2024-01-24,dunes,0.0041,0.25,hiv
HIVD01_24,HIVD01_24,HIVD01,24,1,Atlanta,2024-01-25,dunes,0.0041,0.25,hiv
HIVD01_25,HIVD01_25,HIVD01,25,1,Atlanta,2024-01-26,dunes,0.0041,0.25,hiv
HIVD01_26,HIVD01_26,HIVD01,26,1,Atlanta,2024-01-27,dunes,0.0041,0.25,hiv
HIVD01_27,HIVD01_27,HIVD01,27,1,Atlanta,2024-01-28,dunes,0.0041,0.25,hiv
HIVD01_28,HIVD01_28,HIVD01,28,1,Atlanta,2024-01-29,dunes,0.0041,0.25,hiv
HIVD01_29,HIVD01_29,HIVD01,29,1,Atlanta,2024-01-30,dunes,0.0041,0.25,hiv
HIVD01_30,HIVD01_30,HIVD01,30,1,Atlanta,2024-01-31,dunes,0.0041,0.25,hiv
HIVD01_31,HIVD01_31,HIVD01,31,1,Atlanta,2024-02-01,dunes,0.0041,0.25,hiv
HIVD01_32,HIVD01_32,HIVD01,32,1,Atlanta,2024-02-02,dunes,0.0041,0.25,hiv
HIVD01_33,HIVD01_33,HIVD01,33,1,Atlanta,2024-02-03,dunes,0.0041,0.25,hiv
HIVD01_34,HIVD01_34,HIVD01,34,1,Atlanta,2024-02-04,dunes,0.0041,0.25,hiv
HIVD01_35,HIVD01_35,HIVD01,35,1,Atlanta,2024-02-05,dunes,0.0041,0.25,hiv
HIVD01_36,HIVD01_36,HIVD01,36,1,Atlanta,2024-02-06,dunes,0.0041,0.25,hiv
HIVD01_37,HIVD01_37,HIVD01,37,1,Atlanta,2024-02-07,dunes,0.0041,0.25,hiv
HIVD01_38,HIVD01_38,HIVD01,38,1,Atlanta,2024-02-08,dunes,0.0041,0.25,hiv
HIVD01_39,HIVD01_39,HIVD01,39,1,Atlanta,2024-02-09,dunes,0.0041,0.25,hiv
HIVD01_40,HIVD01_40,HIVD01,40,1,Atlanta,2024-02-10,dunes,0.0041,0.25,hiv
HIVD01_41,HIVD01_41,HIVD01,41,1,Atlanta,2024-02-11,dunes,0.0041,0.25,hiv
HIVD01_42,HIVD01_42,HIVD01,42,1,Atlanta,2024-02-12,dunes,0.0041,0.25,hiv
HIVD01_43,HIVD01_43,HIVD01,43,1,Atlanta,2024-02-13,dunes,0.0041,0.25,hiv
HIVD01_44,HIVD01_44,HIVD01,44,1,Atlanta,2024-02-14,dunes,0.0041,0.25,hiv
HIVD01_45,HIVD01_45,HIVD01,45,1,Atlanta,2024-02-15,dunes,0.0041,0.25,hiv
HIVD01_46,HIVD01_46,HIVD01,46,1,Atlanta,2024-02-16,dunes,0.0041,0.25,hiv
HIVD01_47,HIVD01_47,HIVD01,47,1,Atlanta,2024-02-17,dunes,0.0041,0.25,hiv
HIVD01_48,HIVD01_48,HIVD01,48,1,Atlanta,2024-02-18,dunes,0.0041,0.25,hiv
HIVD01_49,HIVD01_49,HIVD01,49,1,Atlanta,2024-02-19,dunes,0.0041,0.25,hiv
HIVD02_0,HIVD02_0,HIVD02,0,2,Baltimore,2024-02-20,dunes,0.0041,0.25,hiv
HIVD02_1,HIVD02_1,HIVD02,1,2,Baltimore,2024-02-21,dunes,0.0041,0.25,hiv
HIVD02_2,HIVD02_2,HIVD02,2,2,Baltimore,2024-02-22,dunes,0.0041,0.25,hiv
HIVD02_3,HIVD02_3,HIVD02,3,2,Baltimore,2024-02-23,dunes,0.0041,0.25,hiv
HIVD02_4,HIVD02_4,HIVD02,4,2,Baltimore,2024-02-24,dunes,0.0041,0.25,hiv
HIVD02_5,HIVD02_5,HIVD02,5,2,Baltimore,2024-02-25,dunes,0.0041,0.25,hiv
HIVD02_6,HIVD02_6,HIVD02,6,2,Baltimore,2024-02-26,dunes,0.0041,0.25,hiv
HIVD02_7,HIVD02_7,HIVD02,7,2,Baltimore,2024-02-27,dunes,0.0041,0.25,hiv
HIVD02_8,HIVD02_8,HIVD02,8,2,Baltimore,2024-02-28,dunes,0.0041,0.25,hiv
HIVD02_9,HIVD02_9,HIVD02,9,2,Baltimore,2024-02-29,dunes,0.0041,0.25,hiv
HIVD02_10,HIVD02_10,HIVD02,10,2,Baltimore,2024-03-01,dunes,0.0041,0.25,hiv
HIVD02_11,HIVD02_11,HIVD02,11,2,Baltimore,2024-03-02,dunes,0.0041,0.25,hiv
HIVD02_12,HIVD02_12,HIVD02,12,2,Baltimore,2024-03-03,dunes,0.0041,0.25,hiv
HIVD02_13,HIVD02_13,HIVD02,13,2,Baltimore,2024-03-04,dunes,0.0041,0.25,hiv
HIVD02_14,HIVD02_14,HIVD02,14,2,Baltimore,2024-03-05,dunes,0.0041,0.25,hiv
HIVD02_15,HIVD02_15,HIVD02,15,2,Baltimore,2024-03-06,dunes,0.0041,0.25,hiv
HIVD02_16,HIVD02_16,HIVD02,16,2,Baltimore,2024-03-07,dunes,0.0041,0.25,hiv
HIVD02_17,HIVD02_17,HIVD02,17,2,Baltimore,2024-03-08,dunes,0.0041,0.25,hiv
HIVD02_18,HIVD02_18,HIVD02,18,2,Baltimore,2024-03-09,dunes,0.0041,0.25,hiv
HIVD02_19,HIVD02_19,HIVD02,19,2,Baltimore,2024-03-10,dunes,0.0041,0.25,hiv
HIVD02_20,HIVD02_20,HIVD02,20,2,Baltimore,2024-03-11,dunes,0.0041,0.25,hiv
HIVD02_21,HIVD02_21,HIVD02,21,2,Baltimore,2024-03-12,dunes,0.0041,0.25,hiv
HIVD02_22,HIVD02_22,HIVD02,22,2,Baltimore,2024-03-13,dunes,0.0041,0.25,hiv
HIVD02_23,HIVD02_23,HIVD02,23,2,Baltimore,2024-03-14,dunes,0.0041,0.25,hiv
HIVD02_24,HIVD02_24,HIVD02,24,2,Baltimore,2024-03-15,dunes,0.0041,0.25,hiv
HIVD02_25,HIVD02_25,HIVD02,25,2,Baltimore,2024-03-16,dunes,0.0041,0.25,hiv
HIVD02_26,HIVD02_26,HIVD02,26,2,Baltimore,2024-03-17,dunes,0.0041,0.25,hiv
HIVD02_27,HIVD02_27,HIVD02,27,2,Baltimore,2024-03-18,dunes,0.0041,0.25,hiv
HIVD02_28,HIVD02_28,HIVD02,28,2,Baltimore,2024-03-19,dunes,0.0041,0.25,hiv
HIVD02_29,HIVD02_29,HIVD02,29,2,Baltimore,2024-03-20,dunes,0.0041,0.25,hiv
HIVD02_30,HIVD02_30,HIVD02,30,2,Baltimore,2024-03-21,dunes,0.0041,0.25,hiv
HIVD02_31,HIVD02_31,HIVD02,31,2,Baltimore,2024-03-22,dunes,0.0041,0.25,hiv
HIVD02_32,HIVD02_32,HIVD02,32,2,Baltimore,2024-03-23,dunes,0.0041,0.25,hiv
HIVD02_33,HIVD02_33,HIVD02,33,2,Baltimore,2024-03-24,dunes,0.0041,0.25,hiv
HIVD02_34,HIVD02_34,HIVD02,34,2,Baltimore,2024-03-25,dunes,0.0041,0.25,hiv
HIVD02_35,HIVD02_35,HIVD02,35,2,Baltimore,2024-03-26,dunes,0.0041,0.25,hiv
HIVD02_36,HIVD02_36,HIVD02,36,2,Baltimore,2024-03-27,dunes,0.0041,0.25,hiv
HIVD02_37,HIVD02_37,HIVD02,37,2,Baltimore,2024-03-28,dunes,0.0041,0.25,hiv
HIVD02_38,HIVD02_38,HIVD02,38,2,Baltimore,2024-03-29,dunes,0.0041,0.25,hiv
HIVD02_39,HIVD02_39,HIVD02,39,2,Baltimore,2024-03-30,dunes,0.0041,0.25,hiv
HIVD02_40,HIVD02_40,HIVD02,40,2,Baltimore,2024-03-31,dunes,0.0041,0.25,hiv
HIVD02_41,HIVD02_41,HIVD02,41,2,Baltimore,2024-04-01,dunes,0.0041,0.25,hiv
HIVD02_42,HIVD02_42,HIVD02,42,2,Baltimore,2024-04-02,dunes,0.0041,0.25,hiv
HIVD02_43,HIVD02_43,HIVD02,43,2,Baltimore,2024-04-03,dunes,0.0041,0.25,hiv
HIVD02_44,HIVD02_44,HIVD02,44,2,Baltimore,2024-04-04,dunes,0.0041,0.25,hiv
HIVD02_45,HIVD02_45,HIVD02,45,2,Baltimore,2024-04-05,dunes,0.0041,0.25,hiv
HIVD02_46,HIVD02_46,HIVD02,46,2,Baltimore,2024-04-06,dunes,0.0041,0.25,hiv
HIVD02_47,HIVD02_47,HIVD02,47,2,Baltimore,2024-04-07,dunes,0.0041,0.25,hiv
HIVD02_48,HIVD02_48,HIVD02,48,2,Baltimore,2024-04-08,dunes,0.0041,0.25,hiv
HIVD02_49,HIVD02_49,HIVD02,49,2,Baltimore,2024-04-09,dunes,0.0041,0.25,hiv
HIVD03_0,HIVD03_0,HIVD03,0,3,Chicago,2024-04-10,dunes,0.0041,0.25,hiv
HIVD03_1,HIVD03_1,HIVD03,1,3,Chicago,2024-04-11,dunes,0.0041,0.25,hiv
HIVD03_2,HIVD03_2,HIVD03,2,3,Chicago,2024-04-12,dunes,0.0041,0.25,hiv
HIVD03_3,HIVD03_3,HIVD03,3,3,Chicago,2024-04-13,dunes,0.0041,0.25,hiv
HIVD03_4,HIVD03_4,HIVD03,4,3,Chicago,2024-04-14,dunes,0.0041,0.25,hiv
HIVD03_5,HIVD03_5,HIVD03,5,3,Chicago,2024-04-15,dunes,0.0041,0.25,hiv
HIVD03_6,HIVD03_6,HIVD03,6,3,Chicago,2024-04-16,dunes,0.0041,0.25,hiv
HIVD03_7,HIVD03_7,HIVD03,7,3,Chicago,2024-04-17,dunes,0.0041,0.25,hiv
HIVD03_8,HIVD03_8,HIVD03,8,3,Chicago,2024-04-18,dunes,0.0041,0.25,hiv
HIVD03_9,HIVD03_9,HIVD03,9,3,Chicago,2024-04-19,dunes,0.0041,0.25,hiv
HIVD03_10,HIVD03_10,HIVD03,10,3,Chicago,2024-04-20,dunes,0.0041,0.25,hiv
HIVD03_11,HIVD03_11,HIVD03,11,3,Chicago,2024-04-21,dunes,0.0041,0.25,hiv
HIVD03_12,HIVD03_12,HIVD03,12,3,Chicago,2024-04-22,dunes,0.0041,0.25,hiv
HIVD03_13,HIVD03_13,HIVD03,13,3,Chicago,2024-04-23,dunes,0.0041,0.25,hiv
HIVD03_14,HIVD03_14,HIVD03,14,3,Chicago,2024-04-24,dunes,0.0041,0.25,hiv
HIVD03_15,HIVD03_15,HIVD03,15,3,Chicago,2024-04-25,dunes,0.0041,0.25,hiv
HIVD03_16,HIVD03_16,HIVD03,16,3,Chicago,2024-04-26,dunes,0.0041,0.25,hiv
HIVD03_17,HIVD03_17,HIVD03,17,3,Chicago,2024-04-27,dunes,0.0041,0.25,hiv
HIVD03_18,HIVD03_18,HIVD03,18,3,Chicago,2024-04-28,dunes,0.0041,0.25,hiv
HIVD03_19,HIVD03_19,HIVD03,19,3,Chicago,2024-04-29,dunes,0.0041,0.25,hiv
HIVD03_20,HIVD03_20,HIVD03,20,3,Chicago,2024-04-30,dunes,0.0041,0.25,hiv
HIVD03_21,HIVD03_21,HIVD03,21,3,Chicago,2024-05-01,dunes,0.0041,0.25,hiv
HIVD03_22,HIVD03_22,HIVD03,22,3,Chicago,2024-05-02,dunes,0.0041,0.25,hiv
HIVD03_23,HIVD03_23,HIVD03,23,3,Chicago,2024-05-03,dunes,0.0041,0.25,hiv
HIVD03_24,HIVD03_24,HIVD03,24,3,Chicago,2024-05-04,dunes,0.0041,0.25,hiv
HIVD03_25,HIVD03_25,HIVD03,25,3,Chicago,2024-05-05,dunes,0.0041,0.25,hiv
HIVD03_26,HIVD03_26,HIVD03,26,3,Chicago,2024-05-06,dunes,0.0041,0.25,hiv
HIVD03_27,HIVD03_27,HIVD03,27,3,Chicago,2024-05-07,dunes,0.0041,0.25,hiv
HIVD03_28,HIVD03_28,HIVD03,28,3,Chicago,2024-05-08,dunes,0.0041,0.25,hiv
HIVD03_29,HIVD03_29,HIVD03,29,3,Chicago,2024-05-09,dunes,0.0041,0.25,hiv
HIVD03_30,HIVD03_30,HIVD03,30,3,Chicago,2024-05-10,dunes,0.0041,0.25,hiv
HIVD03_31,HIVD03_31,HIVD03,31,3,Chicago,2024-05-11,dunes,0.0041,0.25,hiv
HIVD03_32,HIVD03_32,HIVD03,32,3,Chicago,2024-05-12,dunes,0.0041,0.25,hiv
HIVD03_33,HIVD03_33,HIVD03,33,3,Chicago,2024-05-13,dunes,0.0041,0.25,hiv
HIVD03_34,HIVD03_34,HIVD03,34,3,Chicago,2024-05-14,dunes,0.0041,0.25,hiv
HIVD03_35,HIVD03_35,HIVD03,35,3,Chicago,2024-05-15,dunes,0.0041,0.25,hiv
HIVD03_36,HIVD03_36,HIVD03,36,3,Chicago,2024-05-16,dunes,0.0041,0.25,hiv
HIVD03_37,HIVD03_37,HIVD03,37,3,Chicago,2024-05-17,dunes,0.0041,0.25,hiv
HIVD03_38,HIVD03_38,HIVD03,38,3,Chicago,2024-05-18,dunes,0.0041,0.25,hiv
HIVD03_39,HIVD03_39,HIVD03,39,3,Chicago,2024-05-19,dunes,0.0041,0.25,hiv
HIVD03_40,HIVD03_40,HIVD03,40,3,Chicago,2024-05-20,dunes,0.0041,0.25,hiv
HIVD03_41,HIVD03_41,HIVD03,41,3,Chicago,2024-05-21,dunes,0.0041,0.25,hiv
HIVD03_42,HIVD03_42,HIVD03,42,3,Chicago,2024-05-22,dunes,0.0041,0.25,hiv
HIVD03_43,HIVD03_43,HIVD03,43,3,Chicago,2024-05-23,dunes,0.0041,0.25,hiv
HIVD03_44,HIVD03_44,HIVD03,44,3,Chicago,2024-05-24,dunes,0.0041,0.25,hiv
HIVD03_45,HIVD03_45,HIVD03,45,3,Chicago,2024-05-25,dunes,0.0041,0.25,hiv
HIVD03_46,HIVD03_46,HIVD03,46,3,Chicago,2024-05-26,dunes,0.0041,0.25,hiv
HIVD03_47,HIVD03_47,HIVD03,47,3,Chicago,2024-05-27,dunes,0.0041,0.25,hiv
HIVD03_48,HIVD03_48,HIVD03,48,3,Chicago,2024-05-28,dunes,0.0041,0.25,hiv
HIVD03_49,HIVD03_49,HIVD03,49,3,Chicago,2024-05-29,dunes,0.0041,0.25,hiv
HIVD04_0,HIVD04_0,HIVD04,0,4,Denver,2024-05-30,dunes,0.0041,0.25,hiv
HIVD04_1,HIVD04_1,HIVD04,1,4,Denver,2024-05-31,dunes,0.0041,0.25,hiv
HIVD04_2,HIVD04_2,HIVD04,2,4,Denver,2024-06-01,dunes,0.0041,0.25,hiv
HIVD04_3,HIVD04_3,HIVD04,3,4,Denver,2024-06-02,dunes,0.0041,0.25,hiv
HIVD04_4,HIVD04_4,HIVD04,4,4,Denver,2024-06-03,dunes,0.0041,0.25,hiv
HIVD04_5,HIVD04_5,HIVD04,5,4,Denver,2024-06-04,dunes,0.0041,0.25,hiv
HIVD04_6,HIVD04_6,HIVD04,6,4,Denver,2024-06-05,dunes,0.0041,0.25,hiv
HIVD04_7,HIVD04_7,HIVD04,7,4,Denver,2024-06-06,dunes,0.0041,0.25,hiv
HIVD04_8,HIVD04_8,HIVD04,8,4,Denver,2024-06-07,dunes,0.0041,0.25,hiv
HIVD04_9,HIVD04_9,HIVD04,9,4,Denver,2024-06-08,dunes,0.0041,0.25,hiv
HIVD04_10,HIVD04_10,HIVD04,10,4,Denver,2024-06-09,dunes,0.0041,0.25,hiv
HIVD04_11,HIVD04_11,HIVD04,11,4,Denver,2024-06-10,dunes,0.0041,0.25,hiv
HIVD04_12,HIVD04_12,HIVD04,12,4,Denver,2024-06-11,dunes,0.0041,0.25,hiv
HIVD04_13,HIVD04_13,HIVD04,13,4,Denver,2024-06-12,dunes,0.0041,0.25,hiv
HIVD04_14,HIVD04_14,HIVD04,14,4,Denver,2024-06-13,dunes,0.0041,0.25,hiv
HIVD04_15,HIVD04_15,HIVD04,15,4,Denver,2024-06-14,dunes,0.0041,0.25,hiv
HIVD04_16,HIVD04_16,HIVD04,16,4,Denver,2024-06-15,dunes,0.0041,0.25,hiv
HIVD04_17,HIVD04_17,HIVD04,17,4,Denver,2024-06-16,dunes,0.0041,0.25,hiv
HIVD04_18,HIVD04_18,HIVD04,18,4,Denver,2024-06-17,dunes,0.0041,0.25,hiv
HIVD04_19,HIVD04_19,HIVD04,19,4,Denver,2024-06-18,dunes,0.0041,0.25,hiv
HIVD04_20,HIVD04_20,HIVD04,20,4,Denver,2024-06-19,dunes,0.0041,0.25,hiv
HIVD04_21,HIVD04_21,HIVD04,21,4,Denver,2024-06-20,dunes,0.0041,0.25,hiv
HIVD04_22,HIVD04_22,HIVD04,22,4,Denver,2024-06-21,dunes,0.0041,0.25,hiv
HIVD04_23,HIVD04_23,HIVD04,23,4,Denver,2024-06-22,dunes,0.0041,0.25,hiv
HIVD04_24,HIVD04_24,HIVD04,24,4,Denver,2024-06-23,dunes,0.0041,0.25,hiv
HIVD04_25,HIVD04_25,HIVD04,25,4,Denver,2024-06-24,dunes,0.0041,0.25,hiv
HIVD04_26,HIVD04_26,HIVD04,26,4,Denver,2024-06-25,dunes,0.0041,0.25,hiv
HIVD04_27,HIVD04_27,HIVD04,27,4,Denver,2024-06-26,dunes,0.0041,0.25,hiv
HIVD04_28,HIVD04_28,HIVD04,28,4,Denver,2024-06-27,dunes,0.0041,0.25,hiv
HIVD04_29,HIVD04_29,HIVD04,29,4,Denver,2024-06-28,dunes,0.0041,0.25,hiv
HIVD04_30,HIVD04_30,HIVD04,30,4,Denver,2024-06-29,dunes,0.0041,0.25,hiv
HIVD04_31,HIVD04_31,HIVD04,31,4,Denver,2024-06-30,dunes,0.0041,0.25,hiv
HIVD04_32,HIVD04_32,HIVD04,32,4,Denver,2024-07-01,dunes,0.0041,0.25,hiv
HIVD04_33,HIVD04_33,HIVD04,33,4,Denver,2024-07-02,dunes,0.0041,0.25,hiv
HIVD04_34,HIVD04_34,HIVD04,34,4,Denver,2024-07-03,dunes,0.0041,0.25,hiv
HIVD04_35,HIVD04_35,HIVD04,35,4,Denver,2024-07-04,dunes,0.0041,0.25,hiv
HIVD04_36,HIVD04_36,HIVD04,36,4,Denver,2024-07-05,dunes,0.0041,0.25,hiv
HIVD04_37,HIVD04_37,HIVD04,37,4,Denver,2024-07-06,dunes,0.0041,0.25,hiv
HIVD04_38,HIVD04_38,HIVD04,38,4,Denver,2024-07-07,dunes,0.0041,0.25,hiv
HIVD04_39,HIVD04_39,HIVD04,39,4,Denver,2024-07-08,dunes,0.0041,0.25,hiv
HIVD04_40,HIVD04_40,HIVD04,40,4,Denver,2024-07-09,dunes,0.0041,0.25,hiv
HIVD04_41,HIVD04_41,HIVD04,41,4,Denver,2024-07-10,dunes,0.0041,0.25,hiv
HIVD04_42,HIVD04_42,HIVD04,42,4,Denver,2024-07-11,dunes,0.0041,0.25,hiv
HIVD04_43,HIVD04_43,HIVD04,43,4,Denver,2024-07-12,dunes,0.0041,0.25,hiv
HIVD04_44,HIVD04_44,HIVD04,44,4,Denver,2024-07-13,dunes,0.0041,0.25,hiv
HIVD04_45,HIVD04_45,HIVD04,45,4,Denver,2024-07-14,dunes,0.0041,0.25,hiv
HIVD04_46,HIVD04_46,HIVD04,46,4,Denver,2024-07-15,dunes,0.0041,0.25,hiv
HIVD04_47,HIVD04_47,HIVD04,47,4,Denver,2024-07-16,dunes,0.0041,0.25,hiv
HIVD04_48,HIVD04_48,HIVD04,48,4,Denver,2024-07-17,dunes,0.0041,0.25,hiv
HIVD04_49,HIVD04_49,HIVD04,49,4,Denver,2024-07-18,dunes,0.0041,0.25,hiv
HIVD05_0,HIVD05_0,HIVD05,0,5,Miami,2024-07-19,dunes,0.0041,0.25,hiv
HIVD05_1,HIVD05_1,HIVD05,1,5,Miami,2024-07-20,dunes,0.0041,0.25,hiv
HIVD05_2,HIVD05_2,HIVD05,2,5,Miami,2024-07-21,dunes,0.0041,0.25,hiv
HIVD05_3,HIVD05_3,HIVD05,3,5,Miami,2024-07-22,dunes,0.0041,0.25,hiv
HIVD05_4,HIVD05_4,HIVD05,4,5,Miami,2024-07-23,dunes,0.0041,0.25,hiv
HIVD05_5,HIVD05_5,HIVD05,5,5,Miami,2024-07-24,dunes,0.0041,0.25,hiv
HIVD05_6,HIVD05_6,HIVD05,6,5,Miami,2024-07-25,dunes,0.0041,0.25,hiv
HIVD05_7,HIVD05_7,HIVD05,7,5,Miami,2024-07-26,dunes,0.0041,0.25,hiv
HIVD05_8,HIVD05_8,HIVD05,8,5,Miami,2024-07-27,dunes,0.0041,0.25,hiv
HIVD05_9,HIVD05_9,HIVD05,9,5,Miami,2024-07-28,dunes,0.0041,0.25,hiv
HIVD05_10,HIVD05_10,HIVD05,10,5,Miami,2024-07-29,dunes,0.0041,0.25,hiv
HIVD05_11,HIVD05_11,HIVD05,11,5,Miami,2024-07-30,dunes,0.0041,0.25,hiv
HIVD05_12,HIVD05_12,HIVD05,12,5,Miami,2024-07-31,dunes,0.0041,0.25,hiv
HIVD05_13,HIVD05_13,HIVD05,13,5,Miami,2024-08-01,dunes,0.0041,0.25,hiv
HIVD05_14,HIVD05_14,HIVD05,14,5,Miami,2024-08-02,dunes,0.0041,0.25,hiv
HIVD05_15,HIVD05_15,HIVD05,15,5,Miami,2024-08-03,dunes,0.0041,0.25,hiv
HIVD05_16,HIVD05_16,HIVD05,16,5,Miami,2024-08-04,dunes,0.0041,0.25,hiv
HIVD05_17,HIVD05_17,HIVD05,17,5,Miami,2024-08-05,dunes,0.0041,0.25,hiv
HIVD05_18,HIVD05_18,HIVD05,18,5,Miami,2024-08-06,dunes,0.0041,0.25,hiv
HIVD05_19,HIVD05_19,HIVD05,19,5,Miami,2024-08-07,dunes,0.0041,0.25,hiv
HIVD05_20,HIVD05_20,HIVD05,20,5,Miami,2024-08-08,dunes,0.0041,0.25,hiv
HIVD05_21,HIVD05_21,HIVD05,21,5,Miami,2024-08-09,dunes,0.0041,0.25,hiv
HIVD05_22,HIVD05_22,HIVD05,22,5,Miami,2024-08-10,dunes,0.0041,0.25,hiv
HIVD05_23,HIVD05_23,HIVD05,23,5,Miami,2024-08-11,dunes,0.0041,0.25,hiv
HIVD05_24,HIVD05_24,HIVD05,24,5,Miami,2024-08-12,dunes,0.0041,0.25,hiv
HIVD05_25,HIVD05_25,HIVD05,25,5,Miami,2024-08-13,dunes,0.0041,0.25,hiv
HIVD05_26,HIVD05_26,HIVD05,26,5,Miami,2024-08-14,dunes,0.0041,0.25,hiv
HIVD05_27,HIVD05_27,HIVD05,27,5,Miami,2024-08-15,dunes,0.0041,0.25,hiv
HIVD05_28,HIVD05_28,HIVD05,28,5,Miami,2024-08-16,dunes,0.0041,0.25,hiv
HIVD05_29,HIVD05_29,HIVD05,29,5,Miami,2024-08-17,dunes,0.0041,0.25,hiv
HIVD05_30,HIVD05_30,HIVD05,30,5,Miami,2024-08-18,dunes,0.0041,0.25,hiv
HIVD05_31,HIVD05_31,HIVD05,31,5,Miami,2024-08-19,dunes,0.0041,0.25,hiv
HIVD05_32,HIVD05_32,HIVD05,32,5,Miami,2024-08-20,dunes,0.0041,0.25,hiv
HIVD05_33,HIVD05_33,HIVD05,33,5,Miami,2024-08-21,dunes,0.0041,0.25,hiv
HIVD05_34,HIVD05_34,HIVD05,34,5,Miami,2024-08-22,dunes,0.0041,0.25,hiv
HIVD05_35,HIVD05_35,HIVD05,35,5,Miami,2024-08-23,dunes,0.0041,0.25,hiv
HIVD05_36,HIVD05_36,HIVD05,36,5,Miami,2024-08-24,dunes,0.0041,0.25,hiv
HIVD05_37,HIVD05_37,HIVD05,37,5,Miami,2024-08-25,dunes,0.0041,0.25,hiv
HIVD05_38,HIVD05_38,HIVD05,38,5,Miami,2024-08-26,dunes,0.0041,0.25,hiv
HIVD05_39,HIVD05_39,HIVD05,39,5,Miami,2024-08-27,dunes,0.0041,0.25,hiv
HIVD05_40,HIVD05_40,HIVD05,40,5,Miami,2024-08-28,dunes,0.0041,0.25,hiv
HIVD05_41,HIVD05_41,HIVD05,41,5,Miami,2024-08-29,dunes,0.0041,0.25,hiv
HIVD05_42,HIVD05_42,HIVD05,42,5,Miami,2024-08-30,dunes,0.0041,0.25,hiv
HIVD05_43,HIVD05_43,HIVD05,43,5,Miami,2024-08-31,dunes,0.0041,0.25,hiv
HIVD05_44,HIVD05_44,HIVD05,44,5,Miami,2024-09-01,dunes,0.0041,0.25,hiv
HIVD05_45,HIVD05_45,HIVD05,45,5,Miami,2024-09-02,dunes,0.0041,0.25,hiv
HIVD05_46,HIVD05_46,HIVD05,46,5,Miami,2024-09-03,dunes,0.0041,0.25,hiv
HIVD05_47,HIVD05_47,HIVD05,47,5,Miami,2024-09-04,dunes,0.0041,0.25,hiv
HIVD05_48,HIVD05_48,HIVD05,48,5,Miami,2024-09-05,dunes,0.0041,0.25,hiv
HIVD05_49,HIVD05_49,HIVD05,49,5,Miami,2024-09-06,dunes,0.0041,0.25,hiv
HIVD06_0,HIVD06_0,HIVD06,0,6,Atlanta,2024-09-07,dunes,0.0041,0.25,hiv
HIVD06_1,HIVD06_1,HIVD06,1,6,Atlanta,2024-09-08,dunes,0.0041,0.25,hiv
HIVD06_2,HIVD06_2,HIVD06,2,6,Atlanta,2024-09-09,dunes,0.0041,0.25,hiv
HIVD06_3,HIVD06_3,HIVD06,3,6,Atlanta,2024-09-10,dunes,0.0041,0.25,hiv
HIVD06_4,HIVD06_4,HIVD06,4,6,Atlanta,2024-09-11,dunes,0.0041,0.25,hiv
HIVD06_5,HIVD06_5,HIVD06,5,6,Atlanta,2024-09-12,dunes,0.0041,0.25,hiv
HIVD06_6,HIVD06_6,HIVD06,6,6,Atlanta,2024-09-13,dunes,0.0041,0.25,hiv
HIVD06_7,HIVD06_7,HIVD06,7,6,Atlanta,2024-09-14,dunes,0.0041,0.25,hiv
HIVD06_8,HIVD06_8,HIVD06,8,6,Atlanta,2024-09-15,dunes,0.0041,0.25,hiv
HIVD06_9,HIVD06_9,HIVD06,9,6,Atlanta,2024-09-16,dunes,0.0041,0.25,hiv
HIVD06_10,HIVD06_10,HIVD06,10,6,Atlanta,2024-09-17,dunes,0.0041,0.25,hiv
HIVD06_11,HIVD06_11,HIVD06,11,6,Atlanta,2024-09-18,dunes,0.0041,0.25,hiv
HIVD06_12,HIVD06_12,HIVD06,12,6,Atlanta,2024-09-19,dunes,0.0041,0.25,hiv
HIVD06_13,HIVD06_13,HIVD06,13,6,Atlanta,2024-09-20,dunes,0.0041,0.25,hiv
HIVD06_14,HIVD06_14,HIVD06,14,6,Atlanta,2024-09-21,dunes,0.0041,0.25,hiv
HIVD06_15,HIVD06_15,HIVD06,15,6,Atlanta,2024-09-22,dunes,0.0041,0.25,hiv
HIVD06_16,HIVD06_16,HIVD06,16,6,Atlanta,2024-09-23,dunes,0.0041,0.25,hiv
HIVD06_17,HIVD06_17,HIVD06,17,6,Atlanta,2024-09-24,dunes,0.0041,0.25,hiv
HIVD06_18,HIVD06_18,HIVD06,18,6,Atlanta,2024-09-25,dunes,0.0041,0.25,hiv
HIVD06_19,HIVD06_19,HIVD06,19,6,Atlanta,2024-09-26,dunes,0.0041,0.25,hiv
HIVD06_20,HIVD06_20,HIVD06,20,6,Atlanta,2024-09-27,dunes,0.0041,0.25,hiv
HIVD06_21,HIVD06_21,HIVD06,21,6,Atlanta,2024-09-28,dunes,0.0041,0.25,hiv
HIVD06_22,HIVD06_22,HIVD06,22,6,Atlanta,2024-09-29,dunes,0.0041,0.25,hiv
HIVD06_23,HIVD06_23,HIVD06,23,6,Atlanta,2024-09-30,dunes,0.0041,0.25,hiv
HIVD06_24,HIVD06_24,HIVD06,24,6,Atlanta,2024-10-01,dunes,0.0041,0.25,hiv
HIVD06_25,HIVD06_25,HIVD06,25,6,Atlanta,2024-10-02,dunes,0.0041,0.25,hiv
HIVD06_26,HIVD06_26,HIVD06,26,6,Atlanta,2024-10-03,dunes,0.0041,0.25,hiv
HIVD06_27,HIVD06_27,HIVD06,27,6,Atlanta,2024-10-04,dunes,0.0041,0.25,hiv
HIVD06_28,HIVD06_28,HIVD06,28,6,Atlanta,2024-10-05,dunes,0.0041,0.25,hiv
HIVD06_29,HIVD06_29,HIVD06,29,6,Atlanta,2024-10-06,dunes,0.0041,0.25,hiv
HIVD06_30,HIVD06_30,HIVD06,30,6,Atlanta,2024-10-07,dunes,0.0041,0.25,hiv
HIVD06_31,HIVD06_31,HIVD06,31,6,Atlanta,2024-10-08,dunes,0.0041,0.25,hiv
HIVD06_32,HIVD06_32,HIVD06,32,6,Atlanta,2024-10-09,dunes,0.0041,0.25,hiv
HIVD06_33,HIVD06_33,HIVD06,33,6,Atlanta,2024-10-10,dunes,0.0041,0.25,hiv
HIVD06_34,HIVD06_34,HIVD06,34,6,Atlanta,2024-10-11,dunes,0.0041,0.25,hiv
HIVD06_35,HIVD06_35,HIVD06,35,6,Atlanta,2024-10-12,dunes,0.0041,0.25,hiv
HIVD06_36,HIVD06_36,HIVD06,36,6,Atlanta,2024-10-13,dunes,0.0041,0.25,hiv
HIVD06_37,HIVD06_37,HIVD06,37,6,Atlanta,2024-10-14,dunes,0.0041,0.25,hiv
HIVD06_38,HIVD06_38,HIVD06,38,6,Atlanta,2024-10-15,dunes,0.0041,0.25,hiv
HIVD06_39,HIVD06_39,HIVD06,39,6,Atlanta,2024-10-16,dunes,0.0041,0.25,hiv
HIVD06_40,HIVD06_40,HIVD06,40,6,Atlanta,2024-10-17,dunes,0.0041,0.25,hiv
HIVD06_41,HIVD06_41,HIVD06,41,6,Atlanta,2024-10-18,dunes,0.0041,0.25,hiv
HIVD06_42,HIVD06_42,HIVD06,42,6,Atlanta,2024-10-19,dunes,0.0041,0.25,hiv
HIVD06_43,HIVD06_43,HIVD06,43,6,Atlanta,2024-10-20,dunes,0.0041,0.25,hiv
HIVD06_44,HIVD06_44,HIVD06,44,6,Atlanta,2024-10-21,dunes,0.0041,0.25,hiv
HIVD06_45,HIVD06_45,HIVD06,45,6,Atlanta,2024-10-22,dunes,0.0041,0.25,hiv
HIVD06_46,HIVD06_46,HIVD06,46,6,Atlanta,2024-10-23,dunes,0.0041,0.25,hiv
HIVD06_47,HIVD06_47,HIVD06,47,6,Atlanta,2024-10-24,dunes,0.0041,0.25,hiv
HIVD06_48,HIVD06_48,HIVD06,48,6,Atlanta,2024-10-25,dunes,0.0041,0.25,hiv
HIVD06_49,HIVD06_49,HIVD06,49,6,Atlanta,2024-10-26,dunes,0.0041,0.25,hiv
HIVD07_0,HIVD07_0,HIVD07,0,7,Baltimore,2024-10-27,dunes,0.0041,0.25,hiv
HIVD07_1,HIVD07_1,HIVD07,1,7,Baltimore,2024-10-28,dunes,0.0041,0.25,hiv
HIVD07_2,HIVD07_2,HIVD07,2,7,Baltimore,2024-10-29,dunes,0.0041,0.25,hiv
HIVD07_3,HIVD07_3,HIVD07,3,7,Baltimore,2024-10-30,dunes,0.0041,0.25,hiv
HIVD07_4,HIVD07_4,HIVD07,4,7,Baltimore,2024-10-31,dunes,0.0041,0.25,hiv
HIVD07_5,HIVD07_5,HIVD07,5,7,Baltimore,2024-11-01,dunes,0.0041,0.25,hiv
HIVD07_6,HIVD07_6,HIVD07,6,7,Baltimore,2024-11-02,dunes,0.0041,0.25,hiv
HIVD07_7,HIVD07_7,HIVD07,7,7,Baltimore,2024-11-03,dunes,0.0041,0.25,hiv
HIVD07_8,HIVD07_8,HIVD07,8,7,Baltimore,2024-11-04,dunes,0.0041,0.25,hiv
HIVD07_9,HIVD07_9,HIVD07,9,7,Baltimore,2024-11-05,dunes,0.0041,0.25,hiv
HIVD07_10,HIVD07_10,HIVD07,10,7,Baltimore,2024-11-06,dunes,0.0041,0.25,hiv
HIVD07_11,HIVD07_11,HIVD07,11,7,Baltimore,2024-11-07,dunes,0.0041,0.25,hiv
HIVD07_12,HIVD07_12,HIVD07,12,7,Baltimore,2024-11-08,dunes,0.0041,0.25,hiv
HIVD07_13,HIVD07_13,HIVD07,13,7,Baltimore,2024-11-09,dunes,0.0041,0.25,hiv
HIVD07_14,HIVD07_14,HIVD07,14,7,Baltimore,2024-11-10,dunes,0.0041,0.25,hiv
HIVD07_15,HIVD07_15,HIVD07,15,7,Baltimore,2024-11-11,dunes,0.0041,0.25,hiv
HIVD07_16,HIVD07_16,HIVD07,16,7,Baltimore,2024-11-12,dunes,0.0041,0.25,hiv
HIVD07_17,HIVD07_17,HIVD07,17,7,Baltimore,2024-11-13,dunes,0.0041,0.25,hiv
HIVD07_18,HIVD07_18,HIVD07,18,7,Baltimore,2024-11-14,dunes,0.0041,0.25,hiv
HIVD07_19,HIVD07_19,HIVD07,19,7,Baltimore,2024-11-15,dunes,0.0041,0.25,hiv
HIVD07_20,HIVD07_20,HIVD07,20,7,Baltimore,2024-11-16,dunes,0.0041,0.25,hiv
HIVD07_21,HIVD07_21,HIVD07,21,7,Baltimore,2024-11-17,dunes,0.0041,0.25,hiv
HIVD07_22,HIVD07_22,HIVD07,22,7,Baltimore,2024-11-18,dunes,0.0041,0.25,hiv
HIVD07_23,HIVD07_23,HIVD07,23,7,Baltimore,2024-11-19,dunes,0.0041,0.25,hiv
HIVD07_24,HIVD07_24,HIVD07,24,7,Baltimore,2024-11-20,dunes,0.0041,0.25,hiv
HIVD07_25,HIVD07_25,HIVD07,25,7,Baltimore,2024-11-21,dunes,0.0041,0.25,hiv
HIVD07_26,HIVD07_26,HIVD07,26,7,Baltimore,2024-11-22,dunes,0.0041,0.25,hiv
HIVD07_27,HIVD07_27,HIVD07,27,7,Baltimore,2024-11-23,dunes,0.0041,0.25,hiv
HIVD07_28,HIVD07_28,HIVD07,28,7,Baltimore,2024-11-24,dunes,0.0041,0.25,hiv
HIVD07_29,HIVD07_29,HIVD07,29,7,Baltimore,2024-11-25,dunes,0.0041,0.25,hiv
HIVD07_30,HIVD07_30,HIVD07,30,7,Baltimore,2024-11-26,dunes,0.0041,0.25,hiv
HIVD07_31,HIVD07_31,HIVD07,31,7,Baltimore,2024-11-27,dunes,0.0041,0.25,hiv
HIVD07_32,HIVD07_32,HIVD07,32,7,Baltimore,2024-11-28,dunes,0.0041,0.25,hiv
HIVD07_33,HIVD07_33,HIVD07,33,7,Baltimore,2024-11-29,dunes,0.0041,0.25,hiv
HIVD07_34,HIVD07_34,HIVD07,34,7,Baltimore,2024-11-30,dunes,0.0041,0.25,hiv
HIVD07_35,HIVD07_35,HIVD07,35,7,Baltimore,2024-12-01,dunes,0.0041,0.25,hiv
HIVD07_36,HIVD07_36,HIVD07,36,7,Baltimore,2024-12-02,dunes,0.0041,0.25,hiv
HIVD07_37,HIVD07_37,HIVD07,37,7,Baltimore,2024-12-03,dunes,0.0041,0.25,hiv
HIVD07_38,HIVD07_38,HIVD07,38,7,Baltimore,2024-12-04,dunes,0.0041,0.25,hiv
HIVD07_39,HIVD07_39,HIVD07,39,7,Baltimore,2024-12-05,dunes,0.0041,0.25,hiv
HIVD07_40,HIVD07_40,HIVD07,40,7,Baltimore,2024-12-06,dunes,0.0041,0.25,hiv
HIVD07_41,HIVD07_41,HIVD07,41,7,Baltimore,2024-12-07,dunes,0.0041,0.25,hiv
HIVD07_42,HIVD07_42,HIVD07,42,7,Baltimore,2024-12-08,dunes,0.0041,0.25,hiv
HIVD07_43,HIVD07_43,HIVD07,43,7,Baltimore,2024-12-09,dunes,0.0041,0.25,hiv
HIVD07_44,HIVD07_44,HIVD07,44,7,Baltimore,2024-12-10,dunes,0.0041,0.25,hiv
HIVD07_45,HIVD07_45,HIVD07,45,7,Baltimore,2024-12-11,dunes,0.0041,0.25,hiv
HIVD07_46,HIVD07_46,HIVD07,46,7,Baltimore,2024-12-12,dunes,0.0041,0.25,hiv
HIVD07_47,HIVD07_47,HIVD07,47,7,Baltimore,2024-12-13,dunes,0.0041,0.25,hiv
HIVD07_48,HIVD07_48,HIVD07,48,7,Baltimore,2024-12-14,dunes,0.0041,0.25,hiv
HIVD07_49,HIVD07_49,HIVD07,49,7,Baltimore,2024-12-15,dunes,0.0041,0.25,hiv
HIVD08_0,HIVD08_0,HIVD08,0,8,Chicago,2024-12-16,dunes,0.0041,0.25,hiv
HIVD08_1,HIVD08_1,HIVD08,1,8,Chicago,2024-12-17,dunes,0.0041,0.25,hiv
HIVD08_2,HIVD08_2,HIVD08,2,8,Chicago,2024-12-18,dunes,0.0041,0.25,hiv
HIVD08_3,HIVD08_3,HIVD08,3,8,Chicago,2024-12-19,dunes,0.0041,0.25,hiv
HIVD08_4,HIVD08_4,HIVD08,4,8,Chicago,2024-12-20,dunes,0.0041,0.25,hiv
HIVD08_5,HIVD08_5,HIVD08,5,8,Chicago,2024-12-21,dunes,0.0041,0.25,hiv
HIVD08_6,HIVD08_6,HIVD08,6,8,Chicago,2024-12-22,dunes,0.0041,0.25,hiv
HIVD08_7,HIVD08_7,HIVD08,7,8,Chicago,2024-12-23,dunes,0.0041,0.25,hiv
HIVD08_8,HIVD08_8,HIVD08,8,8,Chicago,2024-12-24,dunes,0.0041,0.25,hiv
HIVD08_9,HIVD08_9,HIVD08,9,8,Chicago,2024-12-25,dunes,0.0041,0.25,hiv
HIVD08_10,HIVD08_10,HIVD08,10,8,Chicago,2024-12-26,dunes,0.0041,0.25,hiv
HIVD08_11,HIVD08_11,HIVD08,11,8,Chicago,2024-12-27,dunes,0.0041,0.25,hiv
HIVD08_12,HIVD08_12,HIVD08,12,8,Chicago,2024-12-28,dunes,0.0041,0.25,hiv
HIVD08_13,HIVD08_13,HIVD08,13,8,Chicago,2024-12-29,dunes,0.0041,0.25,hiv
HIVD08_14,HIVD08_14,HIVD08,14,8,Chicago,2024-12-30,dunes,0.0041,0.25,hiv
HIVD08_15,HIVD08_15,HIVD08,15,8,Chicago,2024-12-31,dunes,0.0041,0.25,hiv
HIVD08_16,HIVD08_16,HIVD08,16,8,Chicago,2025-01-01,dunes,0.0041,0.25,hiv
HIVD08_17,HIVD08_17,HIVD08,17,8,Chicago,2025-01-02,dunes,0.0041,0.25,hiv
HIVD08_18,HIVD08_18,HIVD08,18,8,Chicago,2025-01-03,dunes,0.0041,0.25,hiv
HIVD08_19,HIVD08_19,HIVD08,19,8,Chicago,2025-01-04,dunes,0.0041,0.25,hiv
HIVD08_20,HIVD08_20,HIVD08,20,8,Chicago,2025-01-05,dunes,0.0041,0.25,hiv
HIVD08_21,HIVD08_21,HIVD08,21,8,Chicago,2025-01-06,dunes,0.0041,0.25,hiv
HIVD08_22,HIVD08_22,HIVD08,22,8,Chicago,2025-01-07,dunes,0.0041,0.25,hiv
HIVD08_23,HIVD08_23,HIVD08,23,8,Chicago,2025-01-08,dunes,0.0041,0.25,hiv
HIVD08_24,HIVD08_24,HIVD08,24,8,Chicago,2025-01-09,dunes,0.0041,0.25,hiv
HIVD08_25,HIVD08_25,HIVD08,25,8,Chicago,2025-01-10,dunes,0.0041,0.25,hiv
HIVD08_26,HIVD08_26,HIVD08,26,8,Chicago,2025-01-11,dunes,0.0041,0.25,hiv
HIVD08_27,HIVD08_27,HIVD08,27,8,Chicago,2025-01-12,dunes,0.0041,0.25,hiv
HIVD08_28,HIVD08_28,HIVD08,28,8,Chicago,2025-01-13,dunes,0.0041,0.25,hiv
HIVD08_29,HIVD08_29,HIVD08,29,8,Chicago,2025-01-14,dunes,0.0041,0.25,hiv
HIVD08_30,HIVD08_30,HIVD08,30,8,Chicago,2025-01-15,dunes,0.0041,0.25,hiv
HIVD08_31,HIVD08_31,HIVD08,31,8,Chicago,2025-01-16,dunes,0.0041,0.25,hiv
HIVD08_32,HIVD08_32,HIVD08,32,8,Chicago,2025-01-17,dunes,0.0041,0.25,hiv
HIVD08_33,HIVD08_33,HIVD08,33,8,Chicago,2025-01-18,dunes,0.0041,0.25,hiv
HIVD08_34,HIVD08_34,HIVD08,34,8,Chicago,2025-01-19,dunes,0.0041,0.25,hiv
HIVD08_35,HIVD08_35,HIVD08,35,8,Chicago,2025-01-20,dunes,0.0041,0.25,hiv
HIVD08_36,HIVD08_36,HIVD08,36,8,Chicago,2025-01-21,dunes,0.0041,0.25,hiv
HIVD08_37,HIVD08_37,HIVD08,37,8,Chicago,2025-01-22,dunes,0.0041,0.25,hiv
HIVD08_38,HIVD08_38,HIVD08,38,8,Chicago,2025-01-23,dunes,0.0041,0.25,hiv
HIVD08_39,HIVD08_39,HIVD08,39,8,Chicago,2025-01-24,dunes,0.0041,0.25,hiv
HIVD08_40,HIVD08_40,HIVD08,40,8,Chicago,2025-01-25,dunes,0.0041,0.25,hiv
HIVD08_41,HIVD08_41,HIVD08,41,8,Chicago,2025-01-26,dunes,0.0041,0.25,hiv
HIVD08_42,HIVD08_42,HIVD08,42,8,Chicago,2025-01-27,dunes,0.0041,0.25,hiv
HIVD08_43,HIVD08_43,HIVD08,43,8,Chicago,2025-01-28,dunes,0.0041,0.25,hiv
HIVD08_44,HIVD08_44,HIVD08,44,8,Chicago,2025-01-29,dunes,0.0041,0.25,hiv
HIVD08_45,HIVD08_45,HIVD08,45,8,Chicago,2025-01-30,dunes,0.0041,0.25,hiv
HIVD08_46,HIVD08_46,HIVD08,46,8,Chicago,2025-01-31,dunes,0.0041,0.25,hiv
HIVD08_47,HIVD08_47,HIVD08,47,8,Chicago,2025-02-01,dunes,0.0041,0.25,hiv
HIVD08_48,HIVD08_48,HIVD08,48,8,Chicago,2025-02-02,dunes,0.0041,0.25,hiv
HIVD08_49,HIVD08_49,HIVD08,49,8,Chicago,2025-02-03,dunes,0.0041,0.25,hiv
HIVD09_0,HIVD09_0,HIVD09,0,9,Denver,2025-02-04,dunes,0.0041,0.25,hiv
HIVD09_1,HIVD09_1,HIVD09,1,9,Denver,2025-02-05,dunes,0.0041,0.25,hiv
HIVD09_2,HIVD09_2,HIVD09,2,9,Denver,2025-02-06,dunes,0.0041,0.25,hiv
HIVD09_3,HIVD09_3,HIVD09,3,9,Denver,2025-02-07,dunes,0.0041,0.25,hiv
HIVD09_4,HIVD09_4,HIVD09,4,9,Denver,2025-02-08,dunes,0.0041,0.25,hiv
HIVD09_5,HIVD09_5,HIVD09,5,9,Denver,2025-02-09,dunes,0.0041,0.25,hiv
HIVD09_6,HIVD09_6,HIVD09,6,9,Denver,2025-02-10,dunes,0.0041,0.25,hiv
HIVD09_7,HIVD09_7,HIVD09,7,9,Denver,2025-02-11,dunes,0.0041,0.25,hiv
HIVD09_8,HIVD09_8,HIVD09,8,9,Denver,2025-02-12,dunes,0.0041,0.25,hiv
HIVD09_9,HIVD09_9,HIVD09,9,9,Denver,2025-02-13,dunes,0.0041,0.25,hiv
HIVD09_10,HIVD09_10,HIVD09,10,9,Denver,2025-02-14,dunes,0.0041,0.25,hiv
HIVD09_11,HIVD09_11,HIVD09,11,9,Denver,2025-02-15,dunes,0.0041,0.25,hiv
HIVD09_12,HIVD09_12,HIVD09,12,9,Denver,2025-02-16,dunes,0.0041,0.25,hiv
HIVD09_13,HIVD09_13,HIVD09,13,9,Denver,2025-02-17,dunes,0.0041,0.25,hiv
HIVD09_14,HIVD09_14,HIVD09,14,9,Denver,2025-02-18,dunes,0.0041,0.25,hiv
HIVD09_15,HIVD09_15,HIVD09,15,9,Denver,2025-02-19,dunes,0.0041,0.25,hiv
HIVD09_16,HIVD09_16,HIVD09,16,9,Denver,2025-02-20,dunes,0.0041,0.25,hiv
HIVD09_17,HIVD09_17,HIVD09,17,9,Denver,2025-02-21,dunes,0.0041,0.25,hiv
HIVD09_18,HIVD09_18,HIVD09,18,9,Denver,2025-02-22,dunes,0.0041,0.25,hiv
HIVD09_19,HIVD09_19,HIVD09,19,9,Denver,2025-02-23,dunes,0.0041,0.25,hiv
HIVD09_20,HIVD09_20,HIVD09,20,9,Denver,2025-02-24,dunes,0.0041,0.25,hiv
HIVD09_21,HIVD09_21,HIVD09,21,9,Denver,2025-02-25,dunes,0.0041,0.25,hiv
HIVD09_22,HIVD09_22,HIVD09,22,9,Denver,2025-02-26,dunes,0.0041,0.25,hiv
HIVD09_23,HIVD09_23,HIVD09,23,9,Denver,2025-02-27,dunes,0.0041,0.25,hiv
HIVD09_24,HIVD09_24,HIVD09,24,9,Denver,2025-02-28,dunes,0.0041,0.25,hiv
HIVD09_25,HIVD09_25,HIVD09,25,9,Denver,2025-03-01,dunes,0.0041,0.25,hiv
HIVD09_26,HIVD09_26,HIVD09,26,9,Denver,2025-03-02,dunes,0.0041,0.25,hiv
HIVD09_27,HIVD09_27,HIVD09,27,9,Denver,2025-03-03,dunes,0.0041,0.25,hiv
HIVD09_28,HIVD09_28,HIVD09,28,9,Denver,2025-03-04,dunes,0.0041,0.25,hiv
HIVD09_29,HIVD09_29,HIVD09,29,9,Denver,2025-03-05,dunes,0.0041,0.25,hiv
HIVD09_30,HIVD09_30,HIVD09,30,9,Denver,2025-03-06,dunes,0.0041,0.25,hiv
HIVD09_31,HIVD09_31,HIVD09,31,9,Denver,2025-03-07,dunes,0.0041,0.25,hiv
HIVD09_32,HIVD09_32,HIVD09,32,9,Denver,2025-03-08,dunes,0.0041,0.25,hiv
HIVD09_33,HIVD09_33,HIVD09,33,9,Denver,2025-03-09,dunes,0.0041,0.25,hiv
HIVD09_34,HIVD09_34,HIVD09,34,9,Denver,2025-03-10,dunes,0.0041,0.25,hiv
HIVD09_35,HIVD09_35,HIVD09,35,9,Denver,2025-03-11,dunes,0.0041,0.25,hiv
HIVD09_36,HIVD09_36,HIVD09,36,9,Denver,2025-03-12,dunes,0.0041,0.25,hiv
HIVD09_37,HIVD09_37,HIVD09,37,9,Denver,2025-03-13,dunes,0.0041,0.25,hiv
HIVD09_38,HIVD09_38,HIVD09,38,9,Denver,2025-03-14,dunes,0.0041,0.25,hiv
HIVD09_39,HIVD09_39,HIVD09,39,9,Denver,2025-03-15,dunes,0.0041,0.25,hiv
HIVD09_40,HIVD09_40,HIVD09,40,9,Denver,2025-03-16,dunes,0.0041,0.25,hiv
HIVD09_41,HIVD09_41,HIVD09,41,9,Denver,2025-03-17,dunes,0.0041,0.25,hiv
HIVD09_42,HIVD09_42,HIVD09,42,9,Denver,2025-03-18,dunes,0.0041,0.25,hiv
HIVD09_43,HIVD09_43,HIVD09,43,9,Denver,2025-03-19,dunes,0.0041,0.25,hiv
HIVD09_44,HIVD09_44,HIVD09,44,9,Denver,2025-03-20,dunes,0.0041,0.25,hiv
HIVD09_45,HIVD09_45,HIVD09,45,9,Denver,2025-03-21,dunes,0.0041,0.25,hiv
HIVD09_46,HIVD09_46,HIVD09,46,9,Denver,2025-03-22,dunes,0.0041,0.25,hiv
HIVD09_47,HIVD09_47,HIVD09,47,9,Denver,2025-03-23,dunes,0.0041,0.25,hiv
HIVD09_48,HIVD09_48,HIVD09,48,9,Denver,2025-03-24,dunes,0.0041,0.25,hiv
HIVD09_49,HIVD09_49,HIVD09,49,9,Denver,2025-03-25,dunes,0.0041,0.25,hiv
HIVD10_0,HIVD10_0,HIVD10,0,10,Miami,2025-03-26,dunes,0.0041,0.25,hiv
HIVD10_1,HIVD10_1,HIVD10,1,10,Miami,2025-03-27,dunes,0.0041,0.25,hiv
HIVD10_2,HIVD10_2,HIVD10,2,10,Miami,2025-03-28,dunes,0.0041,0.25,hiv
HIVD10_3,HIVD10_3,HIVD10,3,10,Miami,2025-03-29,dunes,0.0041,0.25,hiv
HIVD10_4,HIVD10_4,HIVD10,4,10,Miami,2025-03-30,dunes,0.0041,0.25,hiv
HIVD10_5,HIVD10_5,HIVD10,5,10,Miami,2025-03-31,dunes,0.0041,0.25,hiv
HIVD10_6,HIVD10_6,HIVD10,6,10,Miami,2025-04-01,dunes,0.0041,0.25,hiv
HIVD10_7,HIVD10_7,HIVD10,7,10,Miami,2025-04-02,dunes,0.0041,0.25,hiv
HIVD10_8,HIVD10_8,HIVD10,8,10,Miami,2025-04-03,dunes,0.0041,0.25,hiv
HIVD10_9,HIVD10_9,HIVD10,9,10,Miami,2025-04-04,dunes,0.0041,0.25,hiv
HIVD10_10,HIVD10_10,HIVD10,10,10,Miami,2025-04-05,dunes,0.0041,0.25,hiv
HIVD10_11,HIVD10_11,HIVD10,11,10,Miami,2025-04-06,dunes,0.0041,0.25,hiv
HIVD10_12,HIVD10_12,HIVD10,12,10,Miami,2025-04-07,dunes,0.0041,0.25,hiv
HIVD10_13,HIVD10_13,HIVD10,13,10,Miami,2025-04-08,dunes,0.0041,0.25,hiv
HIVD10_14,HIVD10_14,HIVD10,14,10,Miami,2025-04-09,dunes,0.0041,0.25,hiv
HIVD10_15,HIVD10_15,HIVD10,15,10,Miami,2025-04-10,dunes,0.0041,0.25,hiv
HIVD10_16,HIVD10_16,HIVD10,16,10,Miami,2025-04-11,dunes,0.0041,0.25,hiv
HIVD10_17,HIVD10_17,HIVD10,17,10,Miami,2025-04-12,dunes,0.0041,0.25,hiv
HIVD10_18,HIVD10_18,HIVD10,18,10,Miami,2025-04-13,dunes,0.0041,0.25,hiv
HIVD10_19,HIVD10_19,HIVD10,19,10,Miami,2025-04-14,dunes,0.0041,0.25,hiv
HIVD10_20,HIVD10_20,HIVD10,20,10,Miami,2025-04-15,dunes,0.0041,0.25,hiv
HIVD10_21,HIVD10_21,HIVD10,21,10,Miami,2025-04-16,dunes,0.0041,0.25,hiv
HIVD10_22,HIVD10_22,HIVD10,22,10,Miami,2025-04-17,dunes,0.0041,0.25,hiv
HIVD10_23,HIVD10_23,HIVD10,23,10,Miami,2025-04-18,dunes,0.0041,0.25,hiv
HIVD10_24,HIVD10_24,HIVD10,24,10,Miami,2025-04-19,dunes,0.0041,0.25,hiv
HIVD10_25,HIVD10_25,HIVD10,25,10,Miami,2025-04-20,dunes,0.0041,0.25,hiv
HIVD10_26,HIVD10_26,HIVD10,26,10,Miami,2025-04-21,dunes,0.0041,0.25,hiv
HIVD10_27,HIVD10_27,HIVD10,27,10,Miami,2025-04-22,dunes,0.0041,0.25,hiv
HIVD10_28,HIVD10_28,HIVD10,28,10,Miami,2025-04-23,dunes,0.0041,0.25,hiv
HIVD10_29,HIVD10_29,HIVD10,29,10,Miami,2025-04-24,dunes,0.0041,0.25,hiv
HIVD10_30,HIVD10_30,HIVD10,30,10,Miami,2025-04-25,dunes,0.0041,0.25,hiv
HIVD10_31,HIVD10_31,HIVD10,31,10,Miami,2025-04-26,dunes,0.0041,0.25,hiv
HIVD10_32,HIVD10_32,HIVD10,32,10,Miami,2025-04-27,dunes,0.0041,0.25,hiv
HIVD10_33,HIVD10_33,HIVD10,33,10,Miami,2025-04-28,dunes,0.0041,0.25,hiv
HIVD10_34,HIVD10_34,HIVD10,34,10,Miami,2025-04-29,dunes,0.0041,0.25,hiv
HIVD10_35,HIVD10_35,HIVD10,35,10,Miami,2025-04-30,dunes,0.0041,0.25,hiv
HIVD10_36,HIVD10_36,HIVD10,36,10,Miami,2025-05-01,dunes,0.0041,0.25,hiv
HIVD10_37,HIVD10_37,HIVD10,37,10,Miami,2025-05-02,dunes,0.0041,0.25,hiv
HIVD10_38,HIVD10_38,HIVD10,38,10,Miami,2025-05-03,dunes,0.0041,0.25,hiv
HIVD10_39,HIVD10_39,HIVD10,39,10,Miami,2025-05-04,dunes,0.0041,0.25,hiv
HIVD10_40,HIVD10_40,HIVD10,40,10,Miami,2025-05-05,dunes,0.0041,0.25,hiv
HIVD10_41,HIVD10_41,HIVD10,41,10,Miami,2025-05-06,dunes,0.0041,0.25,hiv
HIVD10_42,HIVD10_42,HIVD10,42,10,Miami,2025-05-07,dunes,0.0041,0.25,hiv
HIVD10_43,HIVD10_43,HIVD10,43,10,Miami,2025-05-08,dunes,0.0041,0.25,hiv
HIVD10_44,HIVD10_44,HIVD10,44,10,Miami,2025-05-09,dunes,0.0041,0.25,hiv
HIVD10_45,HIVD10_45,HIVD10,45,10,Miami,2025-05-10,dunes,0.0041,0.25,hiv
HIVD10_46,HIVD10_46,HIVD10,46,10,Miami,2025-05-11,dunes,0.0041,0.25,hiv
HIVD10_47,HIVD10_47,HIVD10,47,10,Miami,2025-05-12,dunes,0.0041,0.25,hiv
HIVD10_48,HIVD10_48,HIVD10,48,10,Miami,2025-05-13,dunes,0.0041,0.25,hiv
HIVD10_49,HIVD10_49,HIVD10,49,10,Miami,2025-05-14,dunes,0.0041,0.25,hiv
